12.11.2023	23:12:27	63.251	-23.382	1.1 km	1.9	56.78	33.9 km SE of Eldeyjarboði
12.11.2023	23:08:45	63.868	-22.411	2.4 km	0.1	90.01	3.6 km NNE of Grindavík
12.11.2023	23:08:25	63.830	-22.465	6.2 km	0.8	90.03	1.5 km SW of Grindavík
12.11.2023	23:07:42	63.850	-22.439	5.9 km	0.1	90.01	1.3 km N of Grindavík
12.11.2023	23:06:07	63.861	-22.456	0.7 km	1.1	42.44	2.5 km NNW of Grindavík
12.11.2023	23:03:15	63.849	-22.435	6.0 km	0.3	90.01	1.2 km NNE of Grindavík
12.11.2023	23:02:09	63.878	-22.455	2.5 km	2.4	90.01	4.4 km N of Grindavík
12.11.2023	23:02:09	63.862	-22.557	4.8 km	2.4	90.01	6.2 km WNW of Grindavík
12.11.2023	22:58:57	63.842	-22.445	4.2 km	0.8	82.96	0.4 km NNW of Grindavík
12.11.2023	22:58:16	63.935	-22.088	3.1 km	0.1	90.01	4.2 km E of Keilir
12.11.2023	22:47:43	63.840	-22.451	4.7 km	1.3	90.05	0.4 km WNW of Grindavík
12.11.2023	22:46:50	63.931	-22.059	3.7 km	0.3	38.91	4.9 km N of Krýsuvík
12.11.2023	22:43:34	63.701	-23.083	1.1 km	0.8	31.28	5.6 km SW of Eldeyjardrangur
12.11.2023	22:33:09	63.838	-22.450	5.0 km	0.3	90.01	0.4 km WSW of Grindavík
12.11.2023	22:29:18	63.890	-22.385	3.9 km	0.7	90.02	5.6 km WSW of Fagradalsfjall
12.11.2023	22:28:10	63.957	-21.965	6.8 km	0.2	48.84	8.1 km SW of Helgafell
12.11.2023	22:22:02	63.827	-22.464	0.9 km	0.7	85.35	1.7 km SW of Grindavík
12.11.2023	22:21:35	63.850	-22.454	6.1 km	1.0	85.24	1.4 km NNW of Grindavík
12.11.2023	22:21:08	63.703	-22.699	1.1 km	0.2	58.7	10.8 km S of Reykjanestá
12.11.2023	22:20:01	63.807	-22.387	1.1 km	0.9	61.6	4.5 km SE of Grindavík
12.11.2023	22:17:24	63.461	-23.379	1.1 km	0.7	74.92	21.4 km E of Eldeyjarboði
12.11.2023	22:16:03	63.925	-22.108	3.1 km	0.6	90.03	3.6 km ESE of Keilir
12.11.2023	22:15:04	63.924	-22.047	5.7 km	1.4	90.04	4.2 km NNE of Krýsuvík
12.11.2023	22:10:10	63.837	-22.449	5.0 km	1.0	90.02	0.4 km WSW of Grindavík
12.11.2023	22:08:55	63.808	-22.505	6.5 km	0.9	90.01	4.6 km SW of Grindavík
12.11.2023	22:08:47	63.913	-22.335	3.2 km	0.3	90.02	3.2 km WNW of Fagradalsfjall
12.11.2023	22:01:01	63.828	-22.468	4.3 km	2.2	90.07	1.7 km SW of Grindavík
12.11.2023	22:00:00	63.904	-22.365	5.8 km	0.3	90.03	4.5 km W of Fagradalsfjall
12.11.2023	21:56:27	63.919	-22.034	4.7 km	0.8	90.01	3.8 km NNE of Krýsuvík
12.11.2023	21:56:20	63.842	-22.486	0.2 km	0.7	90.01	2.2 km W of Grindavík
12.11.2023	21:51:17	63.951	-22.032	6.8 km	1.6	90.06	6.9 km E of Keilir
12.11.2023	21:50:32	63.787	-22.445	0.5 km	0.9	78.97	5.8 km S of Grindavík
12.11.2023	21:49:31	63.850	-22.438	6.4 km	1.6	90.02	1.3 km N of Grindavík
12.11.2023	21:49:27	63.847	-22.434	4.9 km	0.3	90.01	1.0 km NNE of Grindavík
12.11.2023	21:49:05	63.856	-22.437	6.5 km	0.6	90.03	1.9 km N of Grindavík
12.11.2023	21:48:01	63.442	-22.544	1.1 km	0.8	81.37	38.9 km SE of Eldeyjardrangur
12.11.2023	21:47:38	63.860	-22.414	4.3 km	0.5	90.02	2.7 km NNE of Grindavík
12.11.2023	21:47:18	63.271	-23.069	5.3 km	2.2	38.26	44.0 km ESE of Eldeyjarboði
12.11.2023	21:46:08	63.886	-22.373	1.4 km	0.4	90.02	5.2 km WSW of Fagradalsfjall
12.11.2023	21:45:11	63.856	-22.494	4.6 km	1.1	90.03	3.2 km NW of Grindavík
12.11.2023	21:44:09	63.869	-22.414	2.7 km	0.7	90.01	3.6 km NNE of Grindavík
12.11.2023	21:43:44	63.933	-22.284	5.0 km	0.7	90.02	3.4 km N of Fagradalsfjall
12.11.2023	21:43:12	63.866	-22.412	5.3 km	1.1	90.04	3.4 km NNE of Grindavík
12.11.2023	21:41:28	63.871	-22.485	6.7 km	0.2	90.02	4.1 km NNW of Grindavík
12.11.2023	21:35:30	63.856	-22.424	6.0 km	1.3	90.01	2.1 km NNE of Grindavík
12.11.2023	21:35:29	63.849	-22.471	1.1 km	1.1	90.02	1.8 km NW of Grindavík
12.11.2023	21:34:35	63.854	-22.428	0.1 km	0.4	99.0	1.8 km NNE of Grindavík
12.11.2023	21:34:10	63.842	-22.455	4.9 km	0.4	90.02	0.7 km WNW of Grindavík
12.11.2023	21:31:45	63.847	-22.424	0.1 km	0.9	99.0	1.3 km NE of Grindavík
12.11.2023	21:29:19	63.864	-22.406	3.3 km	1.2	90.05	3.3 km NNE of Grindavík
12.11.2023	21:28:17	63.854	-22.438	0.1 km	0.6	99.0	1.7 km N of Grindavík
12.11.2023	21:27:02	63.921	-22.050	5.8 km	1.3	90.02	3.8 km NNE of Krýsuvík
12.11.2023	21:26:20	63.818	-22.497	6.8 km	1.1	90.05	3.5 km SW of Grindavík
12.11.2023	21:25:56	63.852	-22.428	2.6 km	0.9	99.0	1.7 km NNE of Grindavík
12.11.2023	21:25:19	63.920	-22.014	2.6 km	1.5	90.04	4.4 km NE of Krýsuvík
12.11.2023	21:23:16	63.917	-22.305	0.9 km	0.9	90.01	2.2 km NW of Fagradalsfjall
12.11.2023	21:21:28	63.853	-22.432	5.4 km	1.3	90.03	1.7 km NNE of Grindavík
12.11.2023	21:19:55	63.720	-24.255	4.4 km	1.2	60.21	33.8 km NW of Eldeyjarboði
12.11.2023	21:17:11	63.778	-23.589	1.1 km	0.7	90.01	18.5 km NW of Geirfugladrangur
12.11.2023	21:16:30	63.522	-23.039	1.1 km	1.2	49.09	21.1 km SSE of Geirfuglasker
12.11.2023	21:15:58	63.850	-22.424	3.6 km	0.4	90.01	1.5 km NE of Grindavík
12.11.2023	21:15:05	63.873	-22.401	3.6 km	1.0	90.02	4.3 km NNE of Grindavík
12.11.2023	21:10:11	63.857	-22.423	4.3 km	1.2	90.03	2.2 km NNE of Grindavík
12.11.2023	21:07:44	63.841	-22.443	5.5 km	0.3	90.02	0.2 km N of Grindavík
12.11.2023	21:06:35	63.849	-22.435	5.4 km	0.7	90.04	1.2 km NNE of Grindavík
12.11.2023	21:06:04	63.830	-22.454	4.0 km	0.8	32.2	1.1 km SSW of Grindavík
12.11.2023	21:05:45	63.965	-21.854	7.0 km	0.8	90.04	5.0 km S of Helgafell
12.11.2023	21:03:59	63.877	-22.388	3.3 km	0.3	90.01	5.0 km NNE of Grindavík
12.11.2023	20:59:56	63.779	-22.765	1.1 km	0.2	39.33	3.8 km SW of Reykjanestá
12.11.2023	20:59:04	63.830	-22.460	5.0 km	0.2	90.01	1.3 km SW of Grindavík
12.11.2023	20:58:14	63.871	-22.410	4.5 km	0.9	90.03	3.9 km NNE of Grindavík
12.11.2023	20:57:54	63.821	-22.473	5.6 km	0.8	90.01	2.5 km SW of Grindavík
12.11.2023	20:56:23	63.813	-22.476	4.9 km	0.3	31.45	3.3 km SSW of Grindavík
12.11.2023	20:53:09	63.864	-22.415	5.4 km	1.3	90.01	3.1 km NNE of Grindavík
12.11.2023	20:52:59	63.933	-22.277	5.4 km	0.1	90.02	3.4 km N of Fagradalsfjall
12.11.2023	20:52:37	63.869	-22.418	0.0 km	0.2	90.01	3.6 km NNE of Grindavík
12.11.2023	20:50:15	63.826	-22.469	5.1 km	1.2	90.03	1.9 km SW of Grindavík
12.11.2023	20:49:40	63.873	-22.413	2.2 km	0.5	90.02	4.1 km NNE of Grindavík
12.11.2023	20:47:44	63.843	-22.442	5.5 km	0.4	90.02	0.5 km N of Grindavík
12.11.2023	20:47:20	63.897	-22.461	6.4 km	1.0	90.01	6.5 km N of Grindavík
12.11.2023	20:45:49	63.950	-22.253	10.9 km	0.4	32.75	4.1 km WNW of Keilir
12.11.2023	20:43:12	63.821	-22.470	3.9 km	1.5	88.09	2.4 km SW of Grindavík
12.11.2023	20:41:10	63.775	-22.440	4.9 km	0.4	53.02	7.1 km S of Grindavík
12.11.2023	20:40:43	63.870	-22.402	1.9 km	1.3	90.02	4.0 km NNE of Grindavík
12.11.2023	20:37:10	63.874	-22.399	4.0 km	1.4	90.05	4.5 km NNE of Grindavík
12.11.2023	20:36:14	63.538	-22.683	1.1 km	1.6	90.01	26.2 km SE of Eldeyjardrangur
12.11.2023	20:29:43	63.912	-22.151	4.9 km	0.6	90.02	3.4 km SSE of Keilir
12.11.2023	20:29:35	63.886	-23.250	1.1 km	1.6	90.02	21.1 km N of Geirfuglasker
12.11.2023	20:27:45	63.847	-22.442	5.6 km	0.4	90.02	0.9 km N of Grindavík
12.11.2023	20:26:07	63.848	-22.437	4.9 km	0.8	90.03	1.1 km NNE of Grindavík
12.11.2023	20:22:25	63.836	-22.451	5.6 km	2.1	90.1	0.5 km SW of Grindavík
12.11.2023	20:21:49	63.872	-22.397	3.8 km	0.3	90.01	4.3 km NNE of Grindavík
12.11.2023	20:20:32	63.857	-22.421	3.9 km	0.4	90.01	2.3 km NNE of Grindavík
12.11.2023	20:15:42	63.935	-21.994	5.5 km	0.2	90.01	6.3 km NNE of Krýsuvík
12.11.2023	20:13:14	63.843	-24.124	1.1 km	1.8	31.13	42.2 km NNW of Eldeyjarboði
12.11.2023	20:12:24	63.821	-22.457	5.0 km	0.7	31.84	2.1 km SSW of Grindavík
12.11.2023	20:10:35	63.855	-22.442	1.1 km	0.7	99.0	1.9 km N of Grindavík
12.11.2023	20:02:39	63.831	-22.479	5.4 km	0.8	90.03	2.0 km WSW of Grindavík
12.11.2023	20:02:15	63.751	-23.297	1.1 km	0.4	47.36	7.5 km NW of Geirfuglasker
12.11.2023	20:00:33	64.526	-24.334	1.1 km	1.2	51.83	48.3 km SSW of Hellissandur
12.11.2023	19:59:15	63.822	-22.469	5.8 km	0.7	90.02	2.3 km SW of Grindavík
12.11.2023	19:57:17	63.811	-22.530	4.0 km	0.6	90.01	5.3 km SW of Grindavík
12.11.2023	19:56:38	63.925	-22.009	8.2 km	0.4	90.01	5.0 km NNE of Krýsuvík
12.11.2023	19:56:05	63.954	-21.966	7.1 km	1.8	90.05	8.4 km SW of Helgafell
12.11.2023	19:54:51	63.816	-22.791	3.0 km	1.0	61.92	4.6 km WNW of Reykjanestá
12.11.2023	19:51:04	63.832	-22.460	5.7 km	0.6	90.06	1.1 km SW of Grindavík
12.11.2023	19:49:47	63.854	-22.425	5.6 km	0.3	90.01	1.9 km NNE of Grindavík
12.11.2023	19:49:29	63.934	-22.283	5.4 km	0.1	90.01	3.5 km N of Fagradalsfjall
12.11.2023	19:49:11	63.832	-22.463	5.1 km	0.6	90.01	1.3 km SW of Grindavík
12.11.2023	19:48:03	63.837	-22.453	5.7 km	0.4	90.03	0.5 km WSW of Grindavík
12.11.2023	19:47:35	64.524	-17.877	2.0 km	0.6	55.7	5.2 km NW of Hamarinn
12.11.2023	19:44:33	63.924	-22.029	4.5 km	1.8	90.06	4.4 km NNE of Krýsuvík
12.11.2023	19:44:02	63.912	-22.049	3.7 km	0.1	90.01	2.9 km NNE of Krýsuvík
12.11.2023	19:43:30	63.927	-21.721	5.6 km	0.3	67.97	7.2 km SSW of Bláfjallaskáli
12.11.2023	19:40:59	63.911	-22.032	8.1 km	0.6	90.01	3.1 km NNE of Krýsuvík
12.11.2023	19:37:19	63.919	-22.065	6.5 km	1.0	90.03	3.5 km N of Krýsuvík
12.11.2023	19:34:30	63.861	-22.420	1.5 km	0.2	90.01	2.7 km NNE of Grindavík
12.11.2023	19:34:24	63.943	-21.725	5.5 km	0.1	90.01	5.9 km SW of Bláfjallaskáli
12.11.2023	19:33:22	63.861	-22.419	2.4 km	0.9	99.0	2.7 km NNE of Grindavík
12.11.2023	19:27:50	63.867	-22.504	4.4 km	0.9	90.05	4.3 km NW of Grindavík
12.11.2023	19:27:13	63.908	-22.039	8.5 km	0.1	90.01	2.6 km NNE of Krýsuvík
12.11.2023	19:26:42	63.885	-22.383	1.1 km	0.3	90.01	5.7 km WSW of Fagradalsfjall
12.11.2023	19:25:10	63.887	-22.373	1.2 km	0.7	90.02	5.1 km WSW of Fagradalsfjall
12.11.2023	19:23:49	63.918	-22.058	3.1 km	0.3	90.01	3.4 km N of Krýsuvík
12.11.2023	19:23:31	63.854	-22.438	5.7 km	2.3	90.08	1.7 km N of Grindavík
12.11.2023	19:21:47	63.822	-22.464	5.4 km	0.6	90.01	2.1 km SSW of Grindavík
12.11.2023	19:21:06	63.908	-22.042	4.8 km	0.8	90.01	2.6 km NNE of Krýsuvík
12.11.2023	19:20:25	63.929	-22.020	3.0 km	2.0	90.08	5.1 km NNE of Krýsuvík
12.11.2023	19:19:53	63.837	-22.452	4.1 km	1.7	99.0	0.5 km WSW of Grindavík
12.11.2023	19:17:11	63.851	-22.430	4.6 km	1.0	90.01	1.5 km NNE of Grindavík
12.11.2023	19:16:25	63.837	-22.453	3.6 km	0.2	86.76	0.5 km WSW of Grindavík
12.11.2023	19:13:34	63.848	-22.438	5.5 km	0.5	90.02	1.0 km NNE of Grindavík
12.11.2023	19:10:12	63.867	-22.724	4.1 km	0.4	34.08	7.5 km N of Reykjanestá
12.11.2023	19:04:42	63.778	-22.455	18.7 km	0.3	86.62	6.8 km S of Grindavík
12.11.2023	19:04:02	63.915	-22.039	4.1 km	0.9	90.01	3.3 km NNE of Krýsuvík
12.11.2023	18:58:37	63.766	-22.621	1.6 km	2.0	90.03	5.6 km SE of Reykjanestá
12.11.2023	18:57:35	63.946	-21.384	5.2 km	0.8	83.43	0.9 km NE of Raufarhólshellir
12.11.2023	18:56:10	63.860	-22.494	4.8 km	0.6	90.01	3.4 km NW of Grindavík
12.11.2023	18:54:25	63.846	-22.449	6.1 km	1.0	90.01	0.9 km NNW of Grindavík
12.11.2023	18:53:17	63.849	-22.435	4.9 km	1.1	90.02	1.2 km NNE of Grindavík
12.11.2023	18:52:41	63.696	-22.335	18.8 km	0.3	36.81	16.7 km SSE of Grindavík
12.11.2023	18:51:59	63.926	-22.021	3.8 km	1.7	90.09	4.8 km NNE of Krýsuvík
12.11.2023	18:49:14	63.885	-24.238	1.1 km	1.5	69.68	48.8 km NNW of Eldeyjarboði
12.11.2023	18:48:25	64.012	-22.215	21.3 km	1.0	90.01	8.1 km NNW of Keilir
12.11.2023	18:46:56	63.846	-22.436	3.6 km	0.5	90.01	0.9 km NNE of Grindavík
12.11.2023	18:46:38	63.843	-22.439	6.1 km	0.5	90.03	0.5 km NNE of Grindavík
12.11.2023	18:45:11	63.853	-22.425	6.2 km	0.9	90.04	1.8 km NNE of Grindavík
12.11.2023	18:43:24	63.846	-22.444	6.7 km	0.4	90.02	0.8 km N of Grindavík
12.11.2023	18:42:50	65.193	-16.292	5.9 km	1.1	90.01	2.8 km W of Herðubreiðarlindir
12.11.2023	18:42:21	63.840	-22.443	3.8 km	1.2	99.0	0.2 km N of Grindavík
12.11.2023	18:39:45	63.863	-22.408	4.2 km	0.6	90.02	3.2 km NNE of Grindavík
12.11.2023	18:39:09	63.909	-22.305	1.1 km	0.5	90.01	1.7 km WNW of Fagradalsfjall
12.11.2023	18:37:16	63.919	-22.046	4.1 km	1.1	90.03	3.6 km NNE of Krýsuvík
12.11.2023	18:36:29	63.827	-22.467	5.7 km	0.5	90.02	1.8 km SW of Grindavík
12.11.2023	18:33:45	63.833	-22.468	6.7 km	1.1	90.03	1.4 km WSW of Grindavík
12.11.2023	18:31:13	63.838	-22.450	5.2 km	1.5	90.05	0.4 km WSW of Grindavík
12.11.2023	18:30:31	63.844	-22.428	5.6 km	0.8	90.01	0.9 km NE of Grindavík
12.11.2023	18:30:13	63.915	-22.038	4.1 km	0.8	90.01	3.4 km NNE of Krýsuvík
12.11.2023	18:28:50	63.917	-22.033	3.2 km	0.7	90.02	3.7 km NNE of Krýsuvík
12.11.2023	18:26:37	63.958	-21.989	8.1 km	1.4	90.02	8.7 km NNE of Krýsuvík
12.11.2023	18:26:35	63.917	-22.103	4.1 km	1.3	90.01	3.8 km NNW of Krýsuvík
12.11.2023	18:25:52	63.903	-22.357	5.5 km	1.0	90.03	4.1 km W of Fagradalsfjall
12.11.2023	18:23:36	63.856	-22.431	3.6 km	1.0	99.0	2.0 km NNE of Grindavík
12.11.2023	18:23:20	63.880	-22.008	0.3 km	0.8	90.01	2.9 km ESE of Krýsuvík
12.11.2023	18:18:17	63.917	-22.032	4.3 km	0.6	90.01	3.7 km NNE of Krýsuvík
12.11.2023	18:14:13	64.308	-17.645	0.2 km	0.7	83.04	20.8 km WSW of Grímsfjall
12.11.2023	18:13:07	63.921	-22.035	4.6 km	1.4	90.04	4.0 km NNE of Krýsuvík
12.11.2023	18:12:43	63.816	-22.467	7.3 km	0.5	48.83	2.8 km SSW of Grindavík
12.11.2023	18:08:12	63.871	-22.399	3.1 km	1.2	90.03	4.2 km NNE of Grindavík
12.11.2023	18:06:21	63.855	-22.429	2.7 km	1.0	99.0	1.9 km NNE of Grindavík
12.11.2023	18:05:23	63.940	-22.040	4.6 km	0.4	87.43	6.0 km NNE of Krýsuvík
12.11.2023	18:04:33	63.843	-22.452	2.9 km	0.1	40.58	0.7 km NW of Grindavík
12.11.2023	18:00:59	63.944	-22.346	1.0 km	0.3	40.17	5.8 km NW of Fagradalsfjall
12.11.2023	17:59:04	63.914	-22.042	3.6 km	0.9	90.03	3.2 km NNE of Krýsuvík
12.11.2023	17:56:12	63.885	-22.375	1.2 km	0.7	90.02	5.3 km WSW of Fagradalsfjall
12.11.2023	17:52:17	63.869	-22.410	4.2 km	0.6	90.01	3.7 km NNE of Grindavík
12.11.2023	17:48:24	63.909	-22.056	4.7 km	0.2	39.78	2.5 km N of Krýsuvík
12.11.2023	17:47:27	64.282	-24.324	5.4 km	1.4	87.97	73.5 km SSW of Hellissandur
12.11.2023	17:47:11	63.922	-22.029	4.1 km	1.5	90.05	4.2 km NNE of Krýsuvík
12.11.2023	17:46:53	63.869	-22.418	4.4 km	0.6	90.01	3.6 km NNE of Grindavík
12.11.2023	17:43:09	63.933	-22.069	4.3 km	0.7	90.02	5.1 km N of Krýsuvík
12.11.2023	17:42:55	63.259	-23.702	1.1 km	1.8	90.01	26.2 km SSE of Eldeyjarboði
12.11.2023	17:41:47	63.884	-22.525	4.7 km	0.7	81.09	6.4 km NW of Grindavík
12.11.2023	17:41:30	63.817	-22.816	59.1 km	0.7	90.01	5.7 km WNW of Reykjanestá
12.11.2023	17:41:13	63.908	-22.058	8.5 km	1.0	90.02	2.3 km N of Krýsuvík
12.11.2023	17:40:57	63.873	-22.390	4.7 km	1.1	90.03	4.6 km NE of Grindavík
12.11.2023	17:39:49	63.857	-22.419	2.9 km	0.4	90.01	2.3 km NNE of Grindavík
12.11.2023	17:39:36	63.895	-22.401	5.5 km	1.3	90.02	6.3 km W of Fagradalsfjall
12.11.2023	17:38:26	63.919	-22.041	4.9 km	3.7	99.0	3.7 km NNE of Krýsuvík
12.11.2023	17:37:17	63.829	-22.478	5.0 km	1.6	99.0	2.1 km WSW of Grindavík
12.11.2023	17:35:20	63.832	-22.455	4.8 km	0.2	81.54	1.0 km SW of Grindavík
12.11.2023	17:30:04	64.038	-22.771	17.6 km	0.4	78.85	3.4 km W of Sandgerði
12.11.2023	17:25:46	63.842	-22.442	5.7 km	0.7	90.01	0.4 km N of Grindavík
12.11.2023	17:25:05	63.826	-22.465	5.8 km	0.5	90.02	1.8 km SW of Grindavík
12.11.2023	17:24:18	63.917	-22.043	5.0 km	1.1	90.03	3.5 km NNE of Krýsuvík
12.11.2023	17:21:25	63.874	-22.498	5.5 km	1.0	87.48	4.8 km NW of Grindavík
12.11.2023	17:20:28	63.875	-22.405	4.2 km	1.4	90.04	4.4 km NNE of Grindavík
12.11.2023	17:19:36	63.850	-22.433	5.5 km	0.9	90.04	1.3 km NNE of Grindavík
12.11.2023	17:19:17	63.863	-22.436	1.1 km	0.9	90.01	2.7 km N of Grindavík
12.11.2023	17:18:16	63.834	-22.479	8.7 km	0.2	90.01	1.9 km WSW of Grindavík
12.11.2023	17:16:34	63.919	-22.378	1.1 km	0.6	40.2	5.4 km WNW of Fagradalsfjall
12.11.2023	17:14:49	63.822	-22.484	6.1 km	1.5	99.0	2.8 km SW of Grindavík
12.11.2023	17:12:00	63.956	-21.724	5.7 km	0.4	90.02	4.8 km SW of Bláfjallaskáli
12.11.2023	17:11:22	63.860	-22.421	2.4 km	1.1	99.0	2.6 km NNE of Grindavík
12.11.2023	17:10:35	63.854	-22.423	3.3 km	0.8	99.0	1.9 km NNE of Grindavík
12.11.2023	17:08:45	63.866	-22.413	1.4 km	1.6	99.0	3.3 km NNE of Grindavík
12.11.2023	17:02:53	63.871	-22.404	2.8 km	1.5	99.0	4.1 km NNE of Grindavík
12.11.2023	17:00:26	63.833	-22.452	7.6 km	0.1	90.02	0.8 km SW of Grindavík
12.11.2023	16:57:28	63.824	-22.682	7.0 km	1.2	73.4	2.9 km NNE of Reykjanestá
12.11.2023	16:56:57	63.919	-22.313	2.3 km	2.3	99.0	2.6 km NW of Fagradalsfjall
12.11.2023	16:56:39	63.836	-22.455	5.9 km	1.4	90.03	0.7 km WSW of Grindavík
12.11.2023	16:52:56	65.861	-16.995	4.2 km	0.4	90.01	2.4 km SW of Þeistareykir
12.11.2023	16:51:28	63.935	-22.287	6.1 km	1.0	90.04	3.7 km N of Fagradalsfjall
12.11.2023	16:48:30	63.938	-21.990	4.6 km	0.4	79.13	6.7 km NNE of Krýsuvík
12.11.2023	16:47:48	63.847	-22.450	5.1 km	0.2	90.01	1.0 km NNW of Grindavík
12.11.2023	16:45:19	63.846	-22.450	3.7 km	0.4	90.01	0.9 km NNW of Grindavík
12.11.2023	16:44:29	63.801	-22.520	6.5 km	1.6	90.06	5.7 km SW of Grindavík
12.11.2023	16:44:02	63.876	-22.540	2.5 km	1.6	60.34	6.3 km NW of Grindavík
12.11.2023	16:42:53	63.669	-22.874	1.1 km	1.1	90.01	8.9 km SE of Eldeyjardrangur
12.11.2023	16:42:00	63.861	-22.727	2.2 km	0.4	44.57	6.8 km N of Reykjanestá
12.11.2023	16:40:39	63.862	-22.423	1.7 km	0.9	99.0	2.7 km NNE of Grindavík
12.11.2023	16:39:16	63.865	-22.412	4.8 km	2.6	99.0	3.3 km NNE of Grindavík
12.11.2023	16:38:32	63.827	-22.965	9.7 km	1.7	90.04	9.6 km N of Eldey
12.11.2023	16:38:09	63.824	-22.468	6.9 km	0.4	90.01	2.1 km SW of Grindavík
12.11.2023	16:35:16	63.881	-22.390	5.1 km	1.6	99.0	5.3 km NNE of Grindavík
12.11.2023	16:34:05	63.824	-22.476	7.1 km	0.5	90.01	2.3 km SW of Grindavík
12.11.2023	16:30:29	63.945	-21.643	3.3 km	0.6	90.02	4.3 km S of Bláfjallaskáli
12.11.2023	16:29:17	63.845	-22.443	5.2 km	1.5	99.0	0.7 km N of Grindavík
12.11.2023	16:26:38	63.930	-21.987	3.9 km	0.4	88.43	6.1 km NE of Krýsuvík
12.11.2023	16:26:04	63.864	-22.420	4.2 km	2.3	90.08	3.0 km NNE of Grindavík
12.11.2023	16:23:17	63.909	-22.050	5.7 km	0.8	90.01	2.5 km NNE of Krýsuvík
12.11.2023	16:20:54	63.858	-22.430	5.1 km	0.1	90.01	2.2 km NNE of Grindavík
12.11.2023	16:16:23	63.918	-22.047	3.4 km	0.7	90.01	3.5 km NNE of Krýsuvík
12.11.2023	16:16:22	63.911	-21.957	6.0 km	0.5	90.01	5.9 km ENE of Krýsuvík
12.11.2023	16:15:45	63.173	-23.853	7.0 km	1.5	70.65	35.3 km S of Eldeyjarboði
12.11.2023	16:15:06	63.884	-22.376	4.2 km	0.8	90.02	5.4 km WSW of Fagradalsfjall
12.11.2023	16:08:37	63.323	-22.910	69.7 km	1.8	90.01	43.7 km SSE of Geirfugladrangur
12.11.2023	16:07:19	63.920	-22.025	3.1 km	0.8	90.03	4.1 km NNE of Krýsuvík
12.11.2023	16:06:29	63.911	-22.093	6.0 km	0.1	90.01	3.0 km NNW of Krýsuvík
12.11.2023	16:05:29	63.918	-22.019	4.4 km	0.7	57.66	4.1 km NNE of Krýsuvík
12.11.2023	16:04:20	63.857	-22.435	6.1 km	0.5	90.02	2.1 km N of Grindavík
12.11.2023	15:58:39	63.566	-23.259	1.1 km	1.6	45.94	12.6 km S of Geirfugladrangur
12.11.2023	15:56:17	63.917	-22.050	6.7 km	0.1	90.02	3.4 km NNE of Krýsuvík
12.11.2023	15:54:50	63.894	-24.065	5.2 km	2.5	66.01	45.1 km WNW of Geirfugladrangur
12.11.2023	15:52:58	63.851	-22.400	3.1 km	0.1	90.01	2.5 km ENE of Grindavík
12.11.2023	15:52:54	63.927	-22.042	2.5 km	0.5	90.01	4.6 km NNE of Krýsuvík
12.11.2023	15:52:26	63.851	-22.439	5.7 km	1.4	90.03	1.4 km N of Grindavík
12.11.2023	15:51:33	63.896	-22.416	14.1 km	0.1	90.02	6.5 km NNE of Grindavík
12.11.2023	15:48:13	63.878	-22.387	4.8 km	1.1	90.02	5.1 km NNE of Grindavík
12.11.2023	15:46:05	63.809	-22.515	6.4 km	2.1	90.08	4.9 km SW of Grindavík
12.11.2023	15:45:33	63.452	-22.798	1.1 km	1.6	84.63	32.3 km SSE of Eldeyjardrangur
12.11.2023	15:45:07	63.917	-22.050	4.9 km	0.8	90.02	3.4 km NNE of Krýsuvík
12.11.2023	15:44:55	63.672	-22.923	27.3 km	1.7	90.01	7.2 km SSE of Eldeyjardrangur
12.11.2023	15:43:46	63.816	-22.456	6.0 km	0.1	75.08	2.6 km SSW of Grindavík
12.11.2023	15:43:29	63.864	-22.416	5.7 km	1.5	90.05	3.1 km NNE of Grindavík
12.11.2023	15:40:28	63.919	-22.037	4.3 km	3.2	99.0	3.8 km NNE of Krýsuvík
12.11.2023	15:27:48	63.907	-22.356	5.9 km	0.3	90.02	4.0 km W of Fagradalsfjall
12.11.2023	15:27:35	63.913	-22.038	6.9 km	0.2	90.01	3.2 km NNE of Krýsuvík
12.11.2023	15:22:31	63.949	-21.729	8.6 km	1.0	90.03	5.5 km SW of Bláfjallaskáli
12.11.2023	15:15:10	63.813	-22.499	7.1 km	1.4	90.03	4.0 km SW of Grindavík
12.11.2023	15:13:51	63.896	-21.907	1.1 km	0.3	90.01	7.8 km E of Krýsuvík
12.11.2023	15:13:22	63.832	-22.462	4.9 km	0.4	90.02	1.2 km SW of Grindavík
12.11.2023	15:11:02	63.755	-22.710	6.3 km	2.1	90.05	5.0 km S of Reykjanestá
12.11.2023	15:10:30	63.917	-22.033	4.1 km	0.5	90.02	3.7 km NNE of Krýsuvík
12.11.2023	15:09:22	63.920	-22.041	4.5 km	1.1	90.03	3.8 km NNE of Krýsuvík
12.11.2023	15:07:46	63.934	-22.281	6.0 km	0.8	90.03	3.5 km N of Fagradalsfjall
12.11.2023	15:07:26	63.869	-22.575	4.7 km	1.4	90.01	7.3 km WNW of Grindavík
12.11.2023	15:06:26	63.913	-22.042	4.5 km	0.6	90.01	3.1 km NNE of Krýsuvík
12.11.2023	15:05:45	63.849	-22.434	5.2 km	0.3	90.01	1.2 km NNE of Grindavík
12.11.2023	15:04:21	63.923	-22.037	4.6 km	1.2	90.04	4.2 km NNE of Krýsuvík
12.11.2023	15:03:18	63.707	-23.114	11.4 km	1.4	90.02	4.8 km ENE of Geirfuglasker
12.11.2023	15:01:34	63.875	-22.408	5.2 km	0.8	90.03	4.4 km NNE of Grindavík
12.11.2023	14:59:38	63.919	-22.038	3.3 km	0.5	90.01	3.8 km NNE of Krýsuvík
12.11.2023	14:58:54	63.917	-22.038	4.2 km	0.5	90.01	3.6 km NNE of Krýsuvík
12.11.2023	14:57:31	63.925	-22.032	3.9 km	2.5	90.11	4.5 km NNE of Krýsuvík
12.11.2023	14:56:05	63.859	-22.478	0.1 km	0.9	99.0	2.8 km NW of Grindavík
12.11.2023	14:55:42	64.291	-24.168	13.8 km	1.7	64.12	70.8 km S of Hellissandur
12.11.2023	14:54:15	63.850	-22.431	4.8 km	0.5	99.0	1.3 km NNE of Grindavík
12.11.2023	14:53:09	64.119	-23.750	5.6 km	2.0	72.01	51.7 km W of Sandgerði
12.11.2023	14:47:22	63.845	-22.406	5.7 km	0.1	90.01	1.9 km ENE of Grindavík
12.11.2023	14:46:18	63.846	-22.441	5.9 km	0.3	79.56	0.8 km N of Grindavík
12.11.2023	14:45:43	63.964	-22.065	5.2 km	1.7	90.09	5.8 km ENE of Keilir
12.11.2023	14:44:12	63.906	-21.913	4.6 km	0.3	84.63	7.7 km ENE of Krýsuvík
12.11.2023	14:42:05	63.869	-22.416	5.3 km	1.7	90.02	3.6 km NNE of Grindavík
12.11.2023	14:40:52	63.916	-22.064	7.3 km	0.7	90.01	3.2 km N of Krýsuvík
12.11.2023	14:40:50	63.764	-22.582	1.1 km	1.1	90.02	7.3 km ESE of Reykjanestá
12.11.2023	14:38:01	64.430	-17.239	1.1 km	1.5	90.03	3.3 km NNE of Grímsfjall
12.11.2023	14:37:44	63.859	-22.499	4.6 km	1.2	90.05	3.6 km NW of Grindavík
12.11.2023	14:37:20	63.842	-22.440	4.8 km	0.5	90.01	0.4 km NNE of Grindavík
12.11.2023	14:34:56	63.884	-22.387	5.6 km	1.3	90.05	5.7 km NNE of Grindavík
12.11.2023	14:33:11	63.834	-22.463	6.9 km	1.7	90.07	1.1 km WSW of Grindavík
12.11.2023	14:31:57	63.956	-22.027	5.7 km	1.6	90.09	7.3 km ENE of Keilir
12.11.2023	14:28:12	63.860	-22.358	6.9 km	0.1	66.99	4.8 km ENE of Grindavík
12.11.2023	14:27:40	63.835	-22.452	5.7 km	0.3	90.01	0.6 km SW of Grindavík
12.11.2023	14:26:45	63.913	-22.342	5.6 km	1.7	99.0	3.5 km WNW of Fagradalsfjall
12.11.2023	14:24:52	63.872	-22.537	4.3 km	1.0	99.0	5.9 km NW of Grindavík
12.11.2023	14:23:09	63.743	-23.027	11.3 km	2.4	90.03	2.3 km NW of Eldeyjardrangur
12.11.2023	14:22:34	63.854	-22.436	3.3 km	1.5	99.0	1.7 km NNE of Grindavík
12.11.2023	14:21:21	63.622	-22.558	27.6 km	0.2	37.64	21.1 km SSE of Reykjanestá
12.11.2023	14:20:26	63.867	-22.418	6.0 km	1.2	90.03	3.4 km NNE of Grindavík
12.11.2023	14:19:41	63.833	-22.464	6.2 km	0.1	89.88	1.2 km WSW of Grindavík
12.11.2023	14:18:34	63.840	-22.393	0.1 km	0.1	99.0	2.5 km E of Grindavík
12.11.2023	14:17:44	63.815	-23.220	1.1 km	0.5	50.4	13.2 km N of Geirfuglasker
12.11.2023	14:15:57	63.860	-22.478	2.6 km	1.4	99.0	2.9 km NW of Grindavík
12.11.2023	14:14:14	63.879	-22.400	1.2 km	0.3	90.01	4.9 km NNE of Grindavík
12.11.2023	14:13:57	63.928	-22.001	4.4 km	0.3	90.01	5.5 km NE of Krýsuvík
12.11.2023	14:10:57	63.850	-22.455	5.1 km	1.3	90.04	1.4 km NNW of Grindavík
12.11.2023	14:05:34	63.981	-21.610	7.3 km	2.3	99.0	1.8 km E of Bláfjallaskáli
12.11.2023	14:02:55	63.851	-22.432	3.5 km	1.3	99.0	1.5 km NNE of Grindavík
12.11.2023	13:59:19	63.862	-22.415	3.3 km	1.2	99.0	2.9 km NNE of Grindavík
12.11.2023	13:58:57	64.485	-23.403	1.1 km	1.8	60.16	53.3 km SSE of Hellissandur
12.11.2023	13:56:58	63.764	-22.717	5.6 km	1.5	90.01	4.1 km S of Reykjanestá
12.11.2023	13:54:06	63.849	-22.440	4.9 km	1.7	99.0	1.2 km N of Grindavík
12.11.2023	13:53:37	63.770	-22.700	9.2 km	1.6	90.02	3.4 km S of Reykjanestá
12.11.2023	13:52:34	63.642	-22.657	4.9 km	0.4	81.09	17.7 km S of Reykjanestá
12.11.2023	13:52:06	63.861	-22.427	6.7 km	1.2	90.02	2.6 km NNE of Grindavík
12.11.2023	13:51:00	63.745	-22.759	7.4 km	2.0	90.03	6.7 km SSW of Reykjanestá
12.11.2023	13:46:39	63.851	-22.432	4.0 km	1.4	99.0	1.4 km NNE of Grindavík
12.11.2023	13:45:13	63.770	-22.718	8.3 km	1.3	90.01	3.4 km S of Reykjanestá
12.11.2023	13:44:03	63.888	-22.379	3.0 km	1.1	90.03	5.4 km WSW of Fagradalsfjall
12.11.2023	13:42:06	63.985	-22.563	1.1 km	0.9	30.96	4.1 km S of Helguvík
12.11.2023	13:40:46	63.836	-22.451	3.1 km	0.1	90.01	0.5 km SW of Grindavík
12.11.2023	13:40:27	63.947	-22.036	6.3 km	0.7	90.02	6.7 km E of Keilir
12.11.2023	13:36:39	63.401	-23.656	5.3 km	1.6	42.42	12.4 km SE of Eldeyjarboði
12.11.2023	13:35:14	63.801	-22.517	6.6 km	0.3	70.11	5.6 km SW of Grindavík
12.11.2023	13:34:11	63.844	-22.456	6.5 km	0.6	90.01	0.9 km NW of Grindavík
12.11.2023	13:32:25	63.814	-22.481	6.0 km	0.4	86.81	3.3 km SW of Grindavík
12.11.2023	13:32:07	63.835	-22.450	3.4 km	0.8	99.0	0.6 km SW of Grindavík
12.11.2023	13:30:56	63.996	-22.488	3.4 km	0.1	90.01	4.6 km SE of Helguvík
12.11.2023	13:28:51	63.751	-22.718	6.6 km	2.1	90.06	5.5 km S of Reykjanestá
12.11.2023	13:27:10	63.871	-22.411	5.3 km	1.0	90.05	3.9 km NNE of Grindavík
12.11.2023	13:26:53	63.917	-22.036	4.1 km	0.3	90.01	3.6 km NNE of Krýsuvík
12.11.2023	13:25:22	63.882	-22.441	7.4 km	1.7	90.04	4.8 km N of Grindavík
12.11.2023	13:24:31	63.850	-22.438	5.9 km	1.1	90.06	1.3 km N of Grindavík
12.11.2023	13:22:53	63.688	-23.165	8.2 km	0.9	56.66	2.3 km ESE of Geirfuglasker
12.11.2023	13:22:18	63.846	-22.443	4.3 km	0.9	90.05	0.8 km N of Grindavík
12.11.2023	13:19:45	63.767	-23.025	8.8 km	2.5	90.05	4.4 km NW of Eldey
12.11.2023	13:19:39	63.848	-22.438	5.6 km	0.4	90.05	1.0 km NNE of Grindavík
12.11.2023	13:17:57	63.937	-22.030	5.2 km	0.4	90.01	5.8 km NNE of Krýsuvík
12.11.2023	13:17:07	63.843	-22.429	2.8 km	1.0	99.0	0.8 km NE of Grindavík
12.11.2023	13:16:46	63.807	-22.509	5.0 km	0.5	90.01	4.8 km SW of Grindavík
12.11.2023	13:16:29	63.989	-23.753	1.1 km	2.0	48.11	41.4 km NNW of Geirfugladrangur
12.11.2023	13:13:06	63.857	-22.431	4.7 km	0.6	88.77	2.1 km NNE of Grindavík
12.11.2023	13:12:11	63.819	-22.552	7.2 km	1.2	60.76	5.8 km WSW of Grindavík
12.11.2023	13:11:45	63.783	-22.934	1.1 km	0.1	53.4	4.8 km NNE of Eldey
12.11.2023	13:10:54	63.896	-22.383	5.2 km	1.4	99.0	5.4 km W of Fagradalsfjall
12.11.2023	13:10:35	65.040	-16.713	4.0 km	2.8	99.0	5.1 km W of Dreki
12.11.2023	13:08:57	63.777	-23.023	10.6 km	2.7	90.06	5.1 km NW of Eldey
12.11.2023	13:08:01	63.863	-22.412	5.4 km	0.7	90.03	3.1 km NNE of Grindavík
12.11.2023	13:06:02	63.888	-22.420	5.7 km	1.5	99.0	5.6 km N of Grindavík
12.11.2023	13:04:49	63.840	-22.451	5.2 km	1.5	90.04	0.4 km WNW of Grindavík
12.11.2023	13:04:13	63.941	-21.945	5.0 km	0.3	69.11	8.4 km NE of Krýsuvík
12.11.2023	13:01:42	63.855	-22.423	5.3 km	1.2	90.04	2.0 km NNE of Grindavík
12.11.2023	13:00:46	63.768	-23.858	4.3 km	1.5	44.86	29.8 km WNW of Geirfugladrangur
12.11.2023	12:59:43	63.759	-23.051	10.9 km	3.0	99.0	4.4 km NW of Eldeyjardrangur
12.11.2023	12:58:51	63.501	-22.875	1.1 km	1.8	55.82	26.1 km SSE of Eldeyjardrangur
12.11.2023	12:58:25	63.928	-21.881	8.1 km	1.2	90.02	9.2 km S of Helgafell
12.11.2023	12:57:58	63.860	-22.417	4.1 km	0.8	99.0	2.7 km NNE of Grindavík
12.11.2023	12:55:32	63.863	-22.418	4.2 km	1.0	90.01	2.9 km NNE of Grindavík
12.11.2023	12:50:48	63.822	-22.455	3.4 km	1.6	99.0	2.0 km SSW of Grindavík
12.11.2023	12:49:00	63.924	-22.051	7.4 km	0.2	33.89	4.1 km N of Krýsuvík
12.11.2023	12:46:26	63.849	-22.444	4.4 km	1.5	90.05	1.1 km N of Grindavík
12.11.2023	12:44:47	63.848	-22.434	4.9 km	1.0	99.0	1.1 km NNE of Grindavík
12.11.2023	12:38:36	63.856	-22.419	2.4 km	0.4	99.0	2.2 km NNE of Grindavík
12.11.2023	12:34:47	63.919	-22.041	2.1 km	0.3	90.01	3.7 km NNE of Krýsuvík
12.11.2023	12:33:56	63.858	-22.490	5.0 km	3.0	99.0	3.1 km NW of Grindavík
12.11.2023	12:33:33	63.749	-22.077	1.1 km	1.4	90.01	15.4 km S of Krýsuvík
12.11.2023	12:32:34	63.853	-22.443	7.0 km	0.2	90.01	1.6 km N of Grindavík
12.11.2023	12:32:25	63.758	-23.080	1.1 km	1.1	90.01	5.4 km NW of Eldeyjardrangur
12.11.2023	12:31:46	63.918	-22.028	2.8 km	0.7	90.02	3.9 km NNE of Krýsuvík
12.11.2023	12:30:34	63.923	-22.030	3.7 km	1.4	90.05	4.3 km NNE of Krýsuvík
12.11.2023	12:29:38	63.828	-22.452	5.1 km	0.3	90.01	1.3 km SSW of Grindavík
12.11.2023	12:28:10	65.862	-16.989	4.0 km	1.7	99.0	2.1 km SW of Þeistareykir
12.11.2023	12:24:43	63.851	-22.439	6.0 km	1.0	90.04	1.4 km N of Grindavík
12.11.2023	12:23:47	63.832	-22.446	4.0 km	0.3	36.51	0.8 km SSW of Grindavík
12.11.2023	12:23:11	63.829	-22.465	6.7 km	0.8	90.01	1.5 km SW of Grindavík
12.11.2023	12:20:06	63.864	-22.402	1.9 km	0.3	90.01	3.4 km NE of Grindavík
12.11.2023	12:18:10	63.859	-22.425	4.0 km	1.9	99.0	2.4 km NNE of Grindavík
12.11.2023	12:14:02	63.828	-22.424	1.9 km	0.1	45.09	1.5 km SE of Grindavík
12.11.2023	12:12:40	63.852	-22.432	3.5 km	1.9	99.0	1.6 km NNE of Grindavík
12.11.2023	12:12:10	63.591	-22.558	1.1 km	1.1	90.01	24.3 km SSE of Reykjanestá
12.11.2023	12:11:07	63.861	-22.421	2.8 km	1.3	99.0	2.7 km NNE of Grindavík
12.11.2023	12:09:16	64.055	-22.620	1.1 km	0.4	90.01	4.5 km ENE of Sandgerði
12.11.2023	12:05:42	63.862	-22.418	5.3 km	1.1	90.03	2.8 km NNE of Grindavík
12.11.2023	12:05:02	63.840	-22.443	4.8 km	1.6	99.0	0.2 km N of Grindavík
12.11.2023	12:04:34	63.846	-22.444	0.1 km	0.7	99.0	0.8 km N of Grindavík
12.11.2023	12:00:04	63.855	-22.423	3.1 km	0.4	90.01	2.0 km NNE of Grindavík
12.11.2023	11:56:43	63.853	-22.419	4.6 km	0.7	90.02	2.0 km NE of Grindavík
12.11.2023	11:55:09	63.824	-22.409	17.5 km	0.4	67.73	2.3 km SE of Grindavík
12.11.2023	11:52:22	63.882	-22.380	3.7 km	0.6	90.02	5.7 km WSW of Fagradalsfjall
12.11.2023	11:44:31	63.742	-22.729	7.5 km	2.1	90.07	6.6 km S of Reykjanestá
12.11.2023	11:40:53	63.817	-22.508	6.1 km	1.2	90.03	4.0 km SW of Grindavík
12.11.2023	11:39:09	63.862	-22.412	3.7 km	0.5	90.01	3.0 km NNE of Grindavík
12.11.2023	11:38:19	63.884	-22.388	5.2 km	1.4	90.06	5.7 km NNE of Grindavík
12.11.2023	11:37:00	63.375	-23.033	6.1 km	0.6	35.01	36.0 km SSE of Geirfugladrangur
12.11.2023	11:32:35	63.856	-22.412	3.6 km	1.5	90.02	2.4 km NE of Grindavík
12.11.2023	11:29:57	63.850	-22.433	5.3 km	0.1	90.01	1.3 km NNE of Grindavík
12.11.2023	11:29:42	63.833	-22.458	5.4 km	1.0	90.03	1.0 km SW of Grindavík
12.11.2023	11:28:02	63.904	-22.412	2.4 km	1.2	90.03	6.7 km W of Fagradalsfjall
12.11.2023	11:24:03	63.189	-23.176	1.1 km	1.1	81.15	45.9 km SE of Eldeyjarboði
12.11.2023	11:23:31	63.962	-22.047	11.9 km	0.6	90.01	6.5 km ENE of Keilir
12.11.2023	11:21:21	63.879	-22.460	1.1 km	0.2	90.01	4.5 km N of Grindavík
12.11.2023	11:20:50	63.925	-22.025	4.3 km	0.2	81.77	4.6 km NNE of Krýsuvík
12.11.2023	11:18:38	63.899	-22.078	9.1 km	0.3	90.01	1.4 km NNW of Krýsuvík
12.11.2023	11:16:06	63.888	-22.374	1.6 km	0.8	90.01	5.1 km WSW of Fagradalsfjall
12.11.2023	11:14:58	63.872	-22.395	2.9 km	0.7	90.02	4.4 km NNE of Grindavík
12.11.2023	11:14:54	63.942	-22.066	9.9 km	0.5	90.01	5.2 km E of Keilir
12.11.2023	11:14:14	63.923	-22.065	8.4 km	0.7	90.01	4.0 km N of Krýsuvík
12.11.2023	11:13:54	63.932	-22.019	4.5 km	1.4	90.06	5.5 km NNE of Krýsuvík
12.11.2023	11:12:54	63.927	-22.028	5.7 km	2.9	99.0	4.8 km NNE of Krýsuvík
12.11.2023	11:12:29	63.737	-22.925	1.1 km	0.7	80.35	1.7 km ESE of Eldey
12.11.2023	11:07:59	63.864	-22.405	5.2 km	1.8	99.0	3.4 km NNE of Grindavík
12.11.2023	11:07:04	63.932	-21.909	1.1 km	0.2	37.63	9.1 km ENE of Krýsuvík
12.11.2023	11:05:49	63.862	-22.501	4.9 km	1.6	90.06	3.8 km NW of Grindavík
12.11.2023	11:05:28	63.850	-22.434	3.4 km	0.9	99.0	1.3 km NNE of Grindavík
12.11.2023	11:00:23	63.883	-22.395	3.6 km	0.1	90.01	5.4 km NNE of Grindavík
12.11.2023	10:59:08	63.851	-22.435	2.3 km	0.8	99.0	1.4 km NNE of Grindavík
12.11.2023	10:57:20	63.508	-23.529	1.1 km	2.4	56.82	13.9 km E of Eldeyjarboði
12.11.2023	10:55:28	63.668	-22.928	1.1 km	0.6	76.1	7.5 km SSE of Eldeyjardrangur
12.11.2023	10:54:43	63.861	-22.416	3.7 km	0.5	90.01	2.8 km NNE of Grindavík
12.11.2023	10:53:25	63.866	-22.410	5.4 km	1.5	90.04	3.4 km NNE of Grindavík
12.11.2023	10:46:33	63.958	-22.878	1.1 km	0.3	35.97	12.3 km SW of Sandgerði
12.11.2023	10:45:55	63.940	-21.975	3.6 km	0.4	33.69	7.3 km NE of Krýsuvík
12.11.2023	10:42:47	63.812	-22.484	3.4 km	1.1	90.01	3.6 km SW of Grindavík
12.11.2023	10:40:52	63.858	-22.429	4.1 km	1.3	90.02	2.2 km NNE of Grindavík
12.11.2023	10:40:02	63.849	-22.440	5.8 km	1.7	90.06	1.1 km N of Grindavík
12.11.2023	10:38:56	63.830	-22.457	5.9 km	1.2	90.01	1.2 km SW of Grindavík
12.11.2023	10:36:21	63.847	-22.482	5.0 km	0.4	83.94	2.1 km WNW of Grindavík
12.11.2023	10:34:18	63.862	-22.499	3.4 km	1.0	90.05	3.8 km NW of Grindavík
12.11.2023	10:33:56	63.837	-22.458	6.0 km	1.4	90.03	0.8 km WSW of Grindavík
12.11.2023	10:33:25	63.862	-22.394	3.2 km	0.7	90.01	3.5 km NE of Grindavík
12.11.2023	10:31:18	63.845	-22.428	4.8 km	1.0	90.02	1.0 km NE of Grindavík
12.11.2023	10:30:38	63.852	-22.438	4.4 km	0.1	90.01	1.5 km N of Grindavík
12.11.2023	10:30:37	63.777	-22.628	5.2 km	1.8	90.02	4.6 km SE of Reykjanestá
12.11.2023	10:28:34	63.880	-22.409	4.5 km	1.0	90.01	4.9 km NNE of Grindavík
12.11.2023	10:26:54	63.841	-22.451	5.7 km	0.6	90.05	0.5 km WNW of Grindavík
12.11.2023	10:25:30	63.917	-22.085	4.0 km	0.1	90.01	3.4 km NNW of Krýsuvík
12.11.2023	10:23:45	63.974	-21.543	7.1 km	0.4	77.42	5.2 km ESE of Bláfjallaskáli
12.11.2023	10:20:35	63.813	-22.503	6.0 km	1.9	90.05	4.1 km SW of Grindavík
12.11.2023	10:18:56	63.851	-22.432	5.7 km	0.1	79.26	1.4 km NNE of Grindavík
12.11.2023	10:18:36	63.839	-22.478	5.9 km	1.4	90.01	1.7 km W of Grindavík
12.11.2023	10:14:12	63.861	-22.498	4.7 km	1.1	90.05	3.7 km NW of Grindavík
12.11.2023	10:13:18	63.825	-22.467	6.5 km	0.9	90.02	1.9 km SW of Grindavík
12.11.2023	10:11:55	63.868	-23.462	1.1 km	0.7	59.61	22.7 km NNW of Geirfugladrangur
12.11.2023	10:08:42	63.831	-22.478	7.0 km	1.3	90.02	1.9 km WSW of Grindavík
12.11.2023	10:02:21	63.847	-22.442	5.3 km	0.1	90.01	0.9 km N of Grindavík
12.11.2023	10:01:25	63.887	-22.533	3.4 km	1.9	90.02	6.9 km NW of Grindavík
12.11.2023	09:58:15	63.829	-22.476	3.7 km	1.0	99.0	1.9 km WSW of Grindavík
12.11.2023	09:54:13	63.880	-22.383	6.7 km	0.5	90.04	5.4 km NNE of Grindavík
12.11.2023	09:53:46	63.745	-22.437	13.4 km	2.0	33.18	10.4 km S of Grindavík
12.11.2023	09:51:32	63.830	-22.472	6.9 km	0.1	90.03	1.7 km SW of Grindavík
12.11.2023	09:49:51	63.843	-22.432	3.1 km	0.9	90.03	0.7 km NE of Grindavík
12.11.2023	09:46:58	63.758	-22.736	7.4 km	1.2	90.03	4.9 km SSW of Reykjanestá
12.11.2023	09:45:57	63.864	-22.504	4.7 km	1.4	90.03	4.1 km NW of Grindavík
12.11.2023	09:44:42	63.831	-22.462	5.8 km	0.7	90.02	1.3 km SW of Grindavík
12.11.2023	09:43:39	63.855	-22.436	5.3 km	0.3	43.47	1.8 km N of Grindavík
12.11.2023	09:42:57	63.850	-22.436	5.7 km	1.3	90.05	1.3 km NNE of Grindavík
12.11.2023	09:39:27	63.845	-22.454	6.8 km	0.8	90.01	0.9 km NW of Grindavík
12.11.2023	09:39:16	63.858	-22.441	1.1 km	0.1	90.01	2.1 km N of Grindavík
12.11.2023	09:38:34	63.860	-22.497	3.9 km	1.4	90.04	3.6 km NW of Grindavík
12.11.2023	09:36:28	63.822	-22.518	4.9 km	1.7	90.08	4.1 km WSW of Grindavík
12.11.2023	09:35:32	63.882	-22.389	4.6 km	1.0	90.04	5.5 km NNE of Grindavík
12.11.2023	09:34:57	63.852	-22.436	6.0 km	0.9	90.02	1.5 km NNE of Grindavík
12.11.2023	09:34:22	63.792	-22.482	2.9 km	1.1	90.01	5.5 km SSW of Grindavík
12.11.2023	09:33:18	63.938	-22.073	5.1 km	0.9	90.03	4.9 km E of Keilir
12.11.2023	09:29:28	63.931	-22.053	4.9 km	0.4	90.01	4.9 km N of Krýsuvík
12.11.2023	09:24:03	63.285	-22.461	1.1 km	1.4	45.3	56.0 km SSE of Eldeyjardrangur
12.11.2023	09:23:35	63.860	-22.496	4.9 km	1.4	90.05	3.5 km NW of Grindavík
12.11.2023	09:23:06	63.849	-22.444	4.5 km	0.6	38.71	1.1 km N of Grindavík
12.11.2023	09:22:27	63.917	-21.957	6.1 km	1.3	90.06	6.2 km ENE of Krýsuvík
12.11.2023	09:20:36	63.850	-22.482	4.1 km	0.7	90.04	2.3 km WNW of Grindavík
12.11.2023	09:14:31	63.835	-22.434	4.3 km	0.8	90.01	0.6 km SE of Grindavík
12.11.2023	09:13:27	63.828	-22.295	1.1 km	0.1	43.23	7.3 km E of Grindavík
12.11.2023	09:10:19	63.942	-21.958	1.1 km	0.3	90.01	8.0 km NE of Krýsuvík
12.11.2023	09:09:24	63.846	-22.434	5.4 km	0.2	90.02	0.9 km NNE of Grindavík
12.11.2023	09:07:33	63.910	-22.356	6.2 km	0.8	90.03	4.1 km WNW of Fagradalsfjall
12.11.2023	09:05:53	63.905	-22.360	5.7 km	0.5	90.02	4.2 km W of Fagradalsfjall
12.11.2023	09:04:26	65.008	-16.768	3.9 km	0.7	33.47	8.4 km WSW of Dreki
12.11.2023	09:02:32	63.821	-22.798	7.7 km	1.4	83.71	5.1 km WNW of Reykjanestá
12.11.2023	08:57:33	63.952	-21.942	3.5 km	0.2	63.46	7.8 km SW of Helgafell
12.11.2023	08:56:20	63.944	-22.021	4.5 km	0.4	90.01	6.7 km NNE of Krýsuvík
12.11.2023	08:56:06	63.586	-22.855	11.6 km	1.0	90.01	17.3 km SSE of Eldeyjardrangur
12.11.2023	08:55:35	63.506	-22.779	8.5 km	1.6	90.01	27.0 km SSE of Eldeyjardrangur
12.11.2023	08:54:36	63.910	-22.304	3.5 km	1.0	90.03	1.7 km WNW of Fagradalsfjall
12.11.2023	08:53:40	63.878	-22.519	4.1 km	2.2	99.0	5.7 km NW of Grindavík
12.11.2023	08:50:49	64.314	-22.606	1.1 km	1.3	76.66	24.7 km W of Akranes
12.11.2023	08:50:16	63.775	-22.526	5.6 km	0.3	88.21	8.2 km SSW of Grindavík
12.11.2023	08:48:36	63.858	-22.488	4.3 km	1.5	90.01	3.1 km NW of Grindavík
12.11.2023	08:47:54	63.841	-22.467	8.2 km	0.1	90.01	1.2 km WNW of Grindavík
12.11.2023	08:47:22	64.040	-21.209	1.7 km	0.7	77.91	4.2 km S of Hrómundartindi
12.11.2023	08:40:46	63.842	-22.440	2.4 km	0.4	90.01	0.4 km NNE of Grindavík
12.11.2023	08:40:26	63.750	-22.606	1.1 km	0.7	52.95	7.4 km SE of Reykjanestá
12.11.2023	08:39:17	63.777	-23.764	90.7 km	1.2	57.42	25.9 km WNW of Geirfugladrangur
12.11.2023	08:36:57	63.852	-22.517	1.1 km	0.4	45.96	3.9 km WNW of Grindavík
12.11.2023	08:35:55	63.808	-22.510	6.6 km	1.3	90.07	4.8 km SW of Grindavík
12.11.2023	08:34:40	63.780	-22.607	1.1 km	1.6	90.01	5.3 km ESE of Reykjanestá
12.11.2023	08:33:26	63.854	-22.438	5.2 km	1.6	99.0	1.7 km N of Grindavík
12.11.2023	08:31:53	63.903	-21.908	5.7 km	0.3	88.19	7.9 km ENE of Krýsuvík
12.11.2023	08:31:02	63.849	-22.436	4.3 km	1.2	99.0	1.2 km NNE of Grindavík
12.11.2023	08:29:45	63.895	-22.847	1.1 km	0.4	90.01	12.6 km NNW of Reykjanestá
12.11.2023	08:23:00	63.758	-22.726	7.9 km	1.4	90.05	4.8 km SSW of Reykjanestá
12.11.2023	08:22:03	63.746	-22.711	8.5 km	1.5	90.01	6.0 km S of Reykjanestá
12.11.2023	08:21:40	63.818	-22.490	5.8 km	1.0	90.02	3.3 km SW of Grindavík
12.11.2023	08:20:38	63.759	-22.708	5.7 km	1.5	90.04	4.6 km S of Reykjanestá
12.11.2023	08:18:06	63.392	-22.712	1.1 km	2.1	50.05	40.0 km SSE of Eldeyjardrangur
12.11.2023	08:15:42	63.481	-23.985	1.1 km	1.9	58.69	9.0 km W of Eldeyjarboði
12.11.2023	08:15:20	63.865	-22.411	5.4 km	1.4	90.04	3.3 km NNE of Grindavík
12.11.2023	08:13:29	63.868	-22.411	5.4 km	1.5	90.07	3.6 km NNE of Grindavík
12.11.2023	08:12:28	63.863	-22.412	5.2 km	1.4	90.04	3.1 km NNE of Grindavík
12.11.2023	08:10:16	63.950	-22.025	5.3 km	1.0	90.04	7.2 km NNE of Krýsuvík
12.11.2023	08:09:50	63.866	-21.585	1.1 km	0.9	35.43	10.3 km W of Þorlákshöfn
12.11.2023	08:09:15	63.852	-22.436	4.8 km	1.4	90.04	1.5 km NNE of Grindavík
12.11.2023	08:08:39	63.759	-22.758	8.6 km	1.3	90.01	5.3 km SSW of Reykjanestá
12.11.2023	08:06:34	63.867	-22.404	3.6 km	1.2	99.0	3.6 km NNE of Grindavík
12.11.2023	08:04:57	63.854	-22.430	4.6 km	0.6	70.52	1.8 km NNE of Grindavík
12.11.2023	08:02:49	63.851	-22.433	4.9 km	0.4	90.02	1.4 km NNE of Grindavík
12.11.2023	08:01:06	63.744	-22.731	7.2 km	3.7	99.0	6.4 km S of Reykjanestá
12.11.2023	08:00:18	63.830	-22.458	5.0 km	0.5	90.01	1.2 km SW of Grindavík
12.11.2023	07:58:02	63.804	-22.519	6.3 km	1.3	90.03	5.4 km SW of Grindavík
12.11.2023	07:56:33	63.850	-22.433	5.2 km	1.6	99.0	1.3 km NNE of Grindavík
12.11.2023	07:55:55	63.924	-21.931	5.9 km	0.8	99.0	7.7 km ENE of Krýsuvík
12.11.2023	07:54:24	63.888	-22.376	1.2 km	1.0	99.0	5.2 km WSW of Fagradalsfjall
12.11.2023	07:53:31	63.852	-22.428	4.3 km	1.2	99.0	1.6 km NNE of Grindavík
12.11.2023	07:52:12	63.917	-22.042	5.0 km	1.6	99.0	3.5 km NNE of Krýsuvík
12.11.2023	07:52:02	63.801	-22.795	7.2 km	1.6	90.02	4.4 km W of Reykjanestá
12.11.2023	07:49:39	63.842	-22.444	3.2 km	0.3	85.42	0.4 km N of Grindavík
12.11.2023	07:48:32	63.939	-22.093	7.2 km	1.3	90.03	3.9 km E of Keilir
12.11.2023	07:47:59	63.830	-22.460	6.3 km	0.2	88.52	1.3 km SW of Grindavík
12.11.2023	07:45:25	63.836	-22.467	5.0 km	0.6	90.01	1.2 km WSW of Grindavík
12.11.2023	07:45:06	63.860	-22.488	4.3 km	2.1	99.0	3.2 km NW of Grindavík
12.11.2023	07:43:22	63.889	-22.397	4.6 km	1.2	99.0	6.0 km NNE of Grindavík
12.11.2023	07:42:09	63.799	-22.661	4.7 km	1.0	88.03	2.2 km E of Reykjanestá
12.11.2023	07:41:28	63.748	-22.736	7.2 km	2.0	90.07	6.0 km SSW of Reykjanestá
12.11.2023	07:40:33	63.783	-22.574	7.3 km	2.1	90.02	6.7 km ESE of Reykjanestá
12.11.2023	07:40:32	63.748	-22.753	4.4 km	2.0	90.01	6.3 km SSW of Reykjanestá
12.11.2023	07:38:50	63.862	-22.414	4.2 km	0.5	90.01	2.9 km NNE of Grindavík
12.11.2023	07:38:27	63.882	-22.533	1.4 km	1.1	90.01	6.5 km NW of Grindavík
12.11.2023	07:38:00	63.757	-22.714	7.5 km	1.5	90.06	4.8 km S of Reykjanestá
12.11.2023	07:33:31	63.834	-22.469	5.7 km	1.5	90.07	1.4 km WSW of Grindavík
12.11.2023	07:32:25	63.754	-22.719	5.4 km	1.5	99.0	5.1 km S of Reykjanestá
12.11.2023	07:29:37	63.562	-24.107	1.1 km	1.4	90.01	16.9 km WNW of Eldeyjarboði
12.11.2023	07:26:22	63.652	-22.729	1.1 km	0.4	88.64	15.0 km SE of Eldey
12.11.2023	07:25:21	63.932	-22.286	5.0 km	0.6	90.02	3.3 km N of Fagradalsfjall
12.11.2023	07:25:18	63.956	-21.699	3.2 km	0.2	90.01	4.0 km SW of Bláfjallaskáli
12.11.2023	07:25:09	63.892	-22.410	5.3 km	0.4	90.01	6.1 km NNE of Grindavík
12.11.2023	07:25:04	63.713	-22.907	1.1 km	1.1	90.01	4.0 km SE of Eldey
12.11.2023	07:23:19	63.562	-22.783	1.1 km	1.0	34.7	21.3 km SSE of Eldeyjardrangur
12.11.2023	07:19:40	63.753	-22.626	1.1 km	1.7	64.1	6.5 km SE of Reykjanestá
12.11.2023	07:19:07	63.929	-22.089	3.9 km	0.8	99.0	4.3 km ESE of Keilir
12.11.2023	07:17:36	63.846	-22.439	4.9 km	0.9	90.04	0.8 km NNE of Grindavík
12.11.2023	07:16:50	63.847	-22.436	5.6 km	1.2	90.01	1.0 km NNE of Grindavík
12.11.2023	07:13:47	63.847	-22.430	6.2 km	0.4	90.01	1.1 km NE of Grindavík
12.11.2023	07:11:43	63.775	-22.748	10.3 km	1.8	90.03	3.5 km SW of Reykjanestá
12.11.2023	07:10:38	63.934	-21.815	3.5 km	1.9	99.0	8.7 km SSE of Helgafell
12.11.2023	07:10:03	63.843	-22.441	7.2 km	1.1	89.75	0.5 km N of Grindavík
12.11.2023	07:08:46	63.853	-22.430	2.5 km	0.9	99.0	1.7 km NNE of Grindavík
12.11.2023	07:08:20	63.813	-22.479	4.8 km	0.9	90.01	3.4 km SSW of Grindavík
12.11.2023	07:06:49	63.756	-22.713	5.7 km	1.5	99.0	4.9 km S of Reykjanestá
12.11.2023	07:04:56	63.166	-24.244	1.1 km	1.5	53.09	42.1 km SSW of Eldeyjarboði
12.11.2023	07:04:36	63.760	-22.727	6.5 km	2.2	99.0	4.6 km SSW of Reykjanestá
12.11.2023	07:04:27	63.846	-22.437	3.8 km	1.2	90.02	0.8 km NNE of Grindavík
12.11.2023	07:04:08	63.860	-22.418	5.6 km	1.5	90.06	2.6 km NNE of Grindavík
12.11.2023	07:02:56	63.853	-22.427	5.0 km	1.3	99.0	1.7 km NNE of Grindavík
12.11.2023	07:02:21	63.952	-21.831	9.6 km	0.8	90.02	6.5 km S of Helgafell
12.11.2023	07:01:13	63.819	-22.655	8.5 km	1.9	90.02	3.2 km NE of Reykjanestá
12.11.2023	06:56:09	63.881	-22.533	1.9 km	0.1	43.39	6.4 km NW of Grindavík
12.11.2023	06:55:47	63.826	-22.668	1.1 km	0.2	41.12	3.4 km NNE of Reykjanestá
12.11.2023	06:55:31	63.832	-22.469	6.4 km	1.3	90.07	1.5 km WSW of Grindavík
12.11.2023	06:54:37	63.889	-22.528	3.0 km	2.6	90.01	7.0 km NW of Grindavík
12.11.2023	06:53:53	63.777	-22.517	7.6 km	1.2	90.05	7.8 km SSW of Grindavík
12.11.2023	06:45:37	63.836	-22.456	4.2 km	0.2	90.03	0.7 km WSW of Grindavík
12.11.2023	06:42:59	63.922	-22.090	4.7 km	1.0	99.0	4.1 km NNW of Krýsuvík
12.11.2023	06:42:23	64.399	-23.769	1.1 km	2.2	80.55	57.8 km S of Hellissandur
12.11.2023	06:42:05	63.865	-22.444	4.7 km	1.8	99.0	2.9 km N of Grindavík
12.11.2023	06:39:08	63.704	-23.032	2.9 km	0.8	36.04	3.6 km SW of Eldeyjardrangur
12.11.2023	06:38:20	64.506	-17.613	4.7 km	1.7	90.04	9.6 km ENE of Hamarinn
12.11.2023	06:36:33	63.879	-22.395	5.2 km	1.1	90.04	5.0 km NNE of Grindavík
12.11.2023	06:35:07	63.882	-22.387	5.3 km	2.7	99.0	5.6 km NNE of Grindavík
12.11.2023	06:33:58	63.834	-22.453	6.3 km	1.0	90.04	0.7 km SW of Grindavík
12.11.2023	06:32:30	63.857	-22.435	3.8 km	0.3	62.61	2.1 km N of Grindavík
12.11.2023	06:32:10	63.867	-22.199	1.1 km	0.6	50.77	5.4 km SE of Fagradalsfjall
12.11.2023	06:30:35	63.864	-22.517	4.5 km	1.8	99.0	4.6 km NW of Grindavík
12.11.2023	06:26:33	63.820	-22.480	5.2 km	0.8	74.91	2.8 km SW of Grindavík
12.11.2023	06:24:45	63.758	-22.635	18.6 km	0.5	70.27	5.8 km SE of Reykjanestá
12.11.2023	06:23:38	63.867	-22.410	5.2 km	1.0	90.01	3.5 km NNE of Grindavík
12.11.2023	06:20:53	63.840	-22.432	4.7 km	0.3	90.01	0.5 km ENE of Grindavík
12.11.2023	06:20:04	63.825	-22.473	5.3 km	0.5	86.1	2.1 km SW of Grindavík
12.11.2023	06:18:50	63.365	-22.568	5.1 km	1.6	40.93	45.6 km SSE of Eldeyjardrangur
12.11.2023	06:18:32	63.858	-22.491	4.6 km	2.0	99.0	3.2 km NW of Grindavík
12.11.2023	06:15:57	63.884	-22.387	5.9 km	0.6	90.02	5.7 km NNE of Grindavík
12.11.2023	06:15:18	63.841	-22.449	5.9 km	0.7	90.03	0.4 km NW of Grindavík
12.11.2023	06:14:28	63.929	-22.013	5.4 km	0.3	90.01	5.3 km NNE of Krýsuvík
12.11.2023	06:09:32	63.946	-22.018	4.5 km	1.7	99.0	6.9 km NNE of Krýsuvík
12.11.2023	06:05:34	63.844	-22.447	5.4 km	1.2	90.02	0.6 km NNW of Grindavík
12.11.2023	06:04:46	63.942	-21.778	10.3 km	1.2	90.01	7.9 km SW of Bláfjallaskáli
12.11.2023	06:04:33	63.858	-22.492	4.5 km	1.5	90.01	3.2 km NW of Grindavík
12.11.2023	06:04:13	63.825	-22.475	5.3 km	1.7	99.0	2.2 km SW of Grindavík
12.11.2023	05:59:33	63.827	-22.460	3.9 km	1.0	90.01	1.6 km SSW of Grindavík
12.11.2023	05:58:00	63.827	-22.473	6.8 km	0.6	90.06	2.0 km SW of Grindavík
12.11.2023	05:56:35	63.850	-22.431	1.1 km	1.0	70.52	1.4 km NNE of Grindavík
12.11.2023	05:53:17	63.868	-22.406	3.7 km	0.3	90.01	3.7 km NNE of Grindavík
12.11.2023	05:51:25	63.852	-22.427	7.0 km	0.6	90.02	1.7 km NNE of Grindavík
12.11.2023	05:51:08	63.827	-22.469	5.9 km	0.2	90.01	1.8 km SW of Grindavík
12.11.2023	05:50:29	63.848	-22.426	2.6 km	0.4	90.01	1.3 km NE of Grindavík
12.11.2023	05:48:38	63.919	-22.804	1.1 km	0.8	37.87	14.0 km SSW of Sandgerði
12.11.2023	05:46:12	63.610	-23.472	6.1 km	1.2	86.74	11.9 km SW of Geirfugladrangur
12.11.2023	05:45:44	63.826	-22.457	3.4 km	0.6	70.93	1.6 km SSW of Grindavík
12.11.2023	05:44:37	63.768	-22.539	1.1 km	0.3	78.77	8.9 km ESE of Reykjanestá
12.11.2023	05:43:31	63.864	-22.406	4.3 km	0.8	90.02	3.3 km NNE of Grindavík
12.11.2023	05:43:22	63.600	-23.562	1.1 km	1.5	90.01	16.1 km WSW of Geirfugladrangur
12.11.2023	05:42:10	63.901	-22.046	10.6 km	0.1	90.01	1.8 km NNE of Krýsuvík
12.11.2023	05:41:30	63.853	-22.429	5.8 km	0.9	90.04	1.7 km NNE of Grindavík
12.11.2023	05:41:09	63.680	-22.457	8.0 km	2.1	35.94	17.7 km S of Grindavík
12.11.2023	05:40:03	63.883	-22.449	0.5 km	0.2	30.03	4.9 km N of Grindavík
12.11.2023	05:38:31	63.831	-22.478	5.6 km	1.2	99.0	1.9 km WSW of Grindavík
12.11.2023	05:37:28	63.660	-22.803	1.1 km	1.1	55.32	11.8 km SE of Eldey
12.11.2023	05:37:10	63.416	-23.693	5.8 km	0.9	64.24	10.0 km SE of Eldeyjarboði
12.11.2023	05:35:10	63.838	-22.448	5.4 km	2.5	99.0	0.3 km WSW of Grindavík
12.11.2023	05:33:53	63.853	-22.425	3.4 km	1.0	99.0	1.8 km NNE of Grindavík
12.11.2023	05:32:28	64.157	-22.507	1.1 km	0.9	68.99	15.2 km N of Helguvík
12.11.2023	05:32:08	63.839	-22.448	5.1 km	0.1	90.01	0.3 km W of Grindavík
12.11.2023	05:30:03	63.683	-24.191	4.2 km	1.2	90.01	28.7 km NW of Eldeyjarboði
12.11.2023	05:29:56	63.839	-22.447	4.3 km	0.3	90.01	0.2 km W of Grindavík
12.11.2023	05:28:34	63.868	-22.493	4.1 km	2.4	90.07	4.1 km NW of Grindavík
12.11.2023	05:24:33	63.848	-22.434	5.7 km	0.6	90.02	1.1 km NNE of Grindavík
12.11.2023	05:24:18	63.961	-23.439	6.6 km	1.2	43.59	31.5 km NNW of Geirfuglasker
12.11.2023	05:23:50	63.839	-22.454	5.0 km	0.5	90.01	0.6 km W of Grindavík
12.11.2023	05:23:28	63.861	-22.416	4.1 km	1.4	90.04	2.8 km NNE of Grindavík
12.11.2023	05:22:31	63.835	-22.455	4.7 km	0.2	90.01	0.7 km SW of Grindavík
12.11.2023	05:22:12	63.938	-21.977	4.1 km	0.3	90.01	7.1 km NE of Krýsuvík
12.11.2023	05:20:47	63.926	-22.439	4.4 km	0.5	90.01	8.5 km WNW of Fagradalsfjall
12.11.2023	05:20:02	63.835	-22.445	5.8 km	0.2	90.01	0.4 km SSW of Grindavík
12.11.2023	05:18:30	63.898	-22.431	5.1 km	0.4	90.01	6.6 km N of Grindavík
12.11.2023	05:17:00	63.828	-22.754	4.3 km	0.5	44.14	3.9 km NW of Reykjanestá
12.11.2023	05:16:34	63.811	-22.761	5.9 km	0.5	39.56	3.0 km WNW of Reykjanestá
12.11.2023	05:15:20	63.863	-22.500	4.6 km	1.0	90.05	3.9 km NW of Grindavík
12.11.2023	05:14:05	63.709	-22.624	4.9 km	1.2	44.8	10.9 km SSE of Reykjanestá
12.11.2023	05:11:23	63.898	-22.850	1.1 km	0.1	69.27	13.0 km NNW of Reykjanestá
12.11.2023	05:10:14	63.872	-22.392	5.9 km	1.0	90.04	4.4 km NE of Grindavík
12.11.2023	05:09:03	63.861	-22.413	4.9 km	0.1	90.01	2.9 km NNE of Grindavík
12.11.2023	05:07:06	63.857	-22.419	5.7 km	0.6	90.01	2.3 km NNE of Grindavík
12.11.2023	05:06:44	63.843	-22.438	5.3 km	0.8	90.04	0.5 km NNE of Grindavík
12.11.2023	05:05:37	63.841	-22.421	1.9 km	0.3	70.22	1.1 km ENE of Grindavík
12.11.2023	05:05:00	63.871	-22.384	2.8 km	0.1	90.01	4.6 km NE of Grindavík
12.11.2023	05:03:40	63.868	-22.416	5.6 km	1.2	90.02	3.5 km NNE of Grindavík
12.11.2023	05:02:35	63.882	-22.388	5.3 km	1.1	90.03	5.5 km NNE of Grindavík
12.11.2023	05:01:56	63.841	-22.452	4.3 km	0.3	90.01	0.5 km WNW of Grindavík
12.11.2023	05:00:50	63.864	-22.413	5.9 km	0.9	90.04	3.2 km NNE of Grindavík
12.11.2023	04:57:32	63.484	-21.971	8.7 km	0.5	49.51	45.1 km S of Krýsuvík
12.11.2023	04:56:18	63.815	-22.484	5.9 km	0.1	70.64	3.3 km SW of Grindavík
12.11.2023	04:55:56	63.858	-22.419	4.2 km	0.5	90.01	2.4 km NNE of Grindavík
12.11.2023	04:55:27	63.859	-22.489	4.4 km	1.6	99.0	3.2 km NW of Grindavík
12.11.2023	04:51:10	63.865	-22.501	4.2 km	1.5	90.03	4.1 km NW of Grindavík
12.11.2023	04:50:48	63.839	-22.459	5.6 km	0.1	90.01	0.8 km W of Grindavík
12.11.2023	04:49:43	65.339	-16.547	6.2 km	0.5	90.01	4.7 km WNW of Herðubreiðarfjöll
12.11.2023	04:46:22	63.928	-22.000	4.5 km	0.6	76.55	5.5 km NE of Krýsuvík
12.11.2023	04:45:33	63.818	-22.450	2.6 km	0.2	55.67	2.3 km S of Grindavík
12.11.2023	04:45:12	63.844	-22.453	9.3 km	0.1	72.9	0.8 km NW of Grindavík
12.11.2023	04:44:46	63.252	-22.799	1.1 km	1.7	70.09	53.2 km SSE of Geirfugladrangur
12.11.2023	04:44:06	63.865	-22.415	5.0 km	2.0	99.0	3.2 km NNE of Grindavík
12.11.2023	04:43:42	63.786	-22.594	5.2 km	0.5	46.28	5.7 km ESE of Reykjanestá
12.11.2023	04:43:24	63.834	-22.738	16.1 km	1.0	90.01	4.1 km NNW of Reykjanestá
12.11.2023	04:41:16	63.833	-22.450	4.3 km	0.1	85.13	0.7 km SSW of Grindavík
12.11.2023	04:38:47	63.905	-22.318	7.4 km	0.3	52.27	2.2 km W of Fagradalsfjall
12.11.2023	04:37:49	63.934	-21.662	2.4 km	0.1	64.74	5.6 km S of Bláfjallaskáli
12.11.2023	04:37:09	63.842	-22.426	4.0 km	1.1	90.01	0.9 km ENE of Grindavík
12.11.2023	04:36:28	63.882	-22.386	4.7 km	2.7	99.0	5.6 km NNE of Grindavík
12.11.2023	04:34:22	63.843	-22.443	4.5 km	1.2	99.0	0.4 km N of Grindavík
12.11.2023	04:33:21	63.876	-22.404	1.2 km	0.8	99.0	4.6 km NNE of Grindavík
12.11.2023	04:31:06	63.825	-22.468	5.8 km	1.2	99.0	1.9 km SW of Grindavík
12.11.2023	04:30:34	63.856	-22.426	2.5 km	1.3	99.0	2.1 km NNE of Grindavík
12.11.2023	04:29:53	63.895	-22.365	5.0 km	1.6	99.0	4.5 km W of Fagradalsfjall
12.11.2023	04:28:29	63.902	-22.361	5.6 km	0.8	99.0	4.3 km W of Fagradalsfjall
12.11.2023	04:28:24	63.689	-22.894	43.0 km	0.3	90.01	6.6 km SE of Eldeyjardrangur
12.11.2023	04:26:02	63.845	-22.439	4.0 km	1.2	99.0	0.7 km NNE of Grindavík
12.11.2023	04:25:44	63.218	-22.399	1.1 km	1.7	32.14	64.0 km SSE of Eldeyjardrangur
12.11.2023	04:25:20	63.832	-22.460	5.8 km	1.8	99.0	1.1 km SW of Grindavík
12.11.2023	04:23:59	63.702	-22.176	1.1 km	0.4	45.96	20.1 km SE of Grindavík
12.11.2023	04:22:49	63.893	-22.397	5.2 km	0.8	90.01	6.1 km W of Fagradalsfjall
12.11.2023	04:20:13	63.969	-22.211	18.0 km	0.6	90.01	3.6 km NNW of Keilir
12.11.2023	04:19:55	63.837	-22.460	6.1 km	0.5	90.03	0.9 km WSW of Grindavík
12.11.2023	04:18:48	63.749	-22.996	3.5 km	1.3	36.14	2.0 km WNW of Eldey
12.11.2023	04:14:36	63.701	-22.405	1.1 km	1.2	84.41	15.4 km S of Grindavík
12.11.2023	04:14:11	63.909	-22.389	1.1 km	0.4	87.57	5.7 km W of Fagradalsfjall
12.11.2023	04:13:32	63.621	-22.722	1.1 km	0.3	64.11	17.7 km SE of Eldey
12.11.2023	04:11:39	63.895	-22.411	5.2 km	0.5	90.01	6.4 km NNE of Grindavík
12.11.2023	04:11:27	63.925	-22.017	5.3 km	0.6	90.01	4.8 km NNE of Krýsuvík
12.11.2023	04:10:45	63.856	-22.418	4.8 km	1.3	90.03	2.3 km NNE of Grindavík
12.11.2023	04:09:26	63.659	-23.466	38.7 km	1.0	90.01	9.1 km WSW of Geirfugladrangur
12.11.2023	04:09:14	63.860	-22.405	5.4 km	0.6	90.01	3.0 km NE of Grindavík
12.11.2023	04:05:48	63.833	-22.460	4.9 km	0.9	53.91	1.1 km SW of Grindavík
12.11.2023	04:05:31	63.833	-22.467	3.3 km	1.6	90.07	1.4 km WSW of Grindavík
12.11.2023	04:05:09	63.931	-21.989	2.3 km	1.2	99.0	6.2 km NE of Krýsuvík
12.11.2023	04:04:27	63.847	-22.434	4.9 km	0.7	90.02	1.0 km NNE of Grindavík
12.11.2023	04:04:18	63.923	-22.068	9.6 km	1.1	90.01	4.0 km N of Krýsuvík
12.11.2023	04:03:46	63.917	-22.128	13.6 km	0.7	90.02	3.5 km SE of Keilir
12.11.2023	04:02:18	63.869	-22.395	2.5 km	0.4	90.01	4.1 km NE of Grindavík
12.11.2023	04:01:47	63.866	-22.481	1.1 km	0.3	90.01	3.6 km NNW of Grindavík
12.11.2023	04:01:17	63.855	-22.424	5.3 km	1.2	90.04	2.0 km NNE of Grindavík
12.11.2023	03:57:50	63.574	-22.778	26.9 km	0.5	58.9	20.2 km SSE of Eldeyjardrangur
12.11.2023	03:56:55	63.651	-21.901	1.1 km	2.0	32.11	27.5 km SSE of Krýsuvík
12.11.2023	03:56:33	63.843	-22.438	5.5 km	0.5	90.01	0.5 km NNE of Grindavík
12.11.2023	03:55:47	63.958	-22.052	4.6 km	0.6	90.01	6.1 km ENE of Keilir
12.11.2023	03:54:29	63.907	-22.309	2.6 km	0.8	90.01	1.8 km WNW of Fagradalsfjall
12.11.2023	03:54:06	63.912	-21.935	10.3 km	0.1	36.59	6.9 km ENE of Krýsuvík
12.11.2023	03:52:56	63.871	-22.501	4.0 km	1.1	90.02	4.6 km NW of Grindavík
12.11.2023	03:51:46	63.510	-23.588	1.1 km	1.7	36.66	11.0 km ENE of Eldeyjarboði
12.11.2023	03:50:28	63.831	-22.458	4.5 km	0.7	90.01	1.1 km SW of Grindavík
12.11.2023	03:50:01	63.852	-22.428	5.1 km	0.7	90.01	1.6 km NNE of Grindavík
12.11.2023	03:45:45	63.928	-22.071	14.8 km	0.3	45.09	4.5 km N of Krýsuvík
12.11.2023	03:45:25	63.858	-22.466	2.5 km	0.5	90.01	2.4 km NNW of Grindavík
12.11.2023	03:45:14	63.895	-22.382	6.1 km	0.3	90.01	5.3 km W of Fagradalsfjall
12.11.2023	03:43:21	63.955	-22.117	8.2 km	0.8	90.02	3.1 km ENE of Keilir
12.11.2023	03:43:13	64.425	-22.951	1.1 km	2.4	90.02	42.8 km WNW of Akranes
12.11.2023	03:43:07	64.198	-23.886	1.1 km	2.2	90.01	60.1 km WNW of Sandgerði
12.11.2023	03:41:52	63.960	-22.066	5.5 km	0.5	90.01	5.6 km ENE of Keilir
12.11.2023	03:40:33	63.593	-22.164	54.2 km	1.3	54.74	30.6 km SSE of Grindavík
12.11.2023	03:39:09	63.863	-22.420	3.9 km	0.9	90.02	2.9 km NNE of Grindavík
12.11.2023	03:38:06	64.126	-23.079	30.1 km	0.9	80.7	20.8 km WNW of Sandgerði
12.11.2023	03:36:18	63.807	-22.509	6.5 km	1.4	90.06	4.8 km SW of Grindavík
12.11.2023	03:36:01	63.909	-22.113	7.0 km	0.1	49.19	3.3 km NW of Krýsuvík
12.11.2023	03:35:40	63.926	-22.107	4.5 km	1.4	90.06	3.6 km ESE of Keilir
12.11.2023	03:35:13	63.865	-22.407	5.1 km	0.4	90.01	3.4 km NNE of Grindavík
12.11.2023	03:35:01	63.830	-22.489	5.8 km	0.1	90.01	2.5 km WSW of Grindavík
12.11.2023	03:34:00	63.851	-22.426	4.5 km	1.6	90.04	1.6 km NNE of Grindavík
12.11.2023	03:33:35	63.803	-22.507	5.2 km	0.8	90.01	5.1 km SW of Grindavík
12.11.2023	03:31:10	63.854	-22.428	5.3 km	1.2	90.07	1.8 km NNE of Grindavík
12.11.2023	03:30:14	64.140	-21.412	5.3 km	0.8	73.66	1.3 km N of Eiturhóll
12.11.2023	03:29:56	63.878	-22.395	5.8 km	0.2	90.01	4.9 km NNE of Grindavík
12.11.2023	03:26:38	63.851	-22.438	5.9 km	2.2	99.0	1.4 km N of Grindavík
12.11.2023	03:26:12	63.825	-22.471	4.1 km	2.5	99.0	2.0 km SW of Grindavík
12.11.2023	03:25:39	63.486	-22.507	1.1 km	1.4	31.12	36.1 km SE of Eldey
12.11.2023	03:24:23	63.835	-22.452	4.1 km	1.3	90.06	0.6 km SW of Grindavík
12.11.2023	03:22:56	63.900	-22.402	6.6 km	1.5	90.07	6.3 km W of Fagradalsfjall
12.11.2023	03:21:34	63.928	-22.015	5.3 km	0.7	90.01	5.1 km NNE of Krýsuvík
12.11.2023	03:19:58	63.514	-22.585	1.1 km	1.6	41.69	31.2 km SE of Eldeyjardrangur
12.11.2023	03:18:10	63.871	-22.418	4.2 km	1.4	90.05	3.8 km NNE of Grindavík
12.11.2023	03:13:16	63.924	-22.035	5.4 km	1.4	90.01	4.3 km NNE of Krýsuvík
12.11.2023	03:12:59	63.932	-22.284	5.7 km	0.1	90.02	3.3 km N of Fagradalsfjall
12.11.2023	03:12:29	63.855	-22.418	4.9 km	0.1	90.01	2.2 km NE of Grindavík
12.11.2023	03:12:05	63.864	-22.412	4.8 km	0.4	90.02	3.2 km NNE of Grindavík
12.11.2023	03:10:47	63.477	-23.803	1.1 km	2.1	69.38	1.5 km S of Eldeyjarboði
12.11.2023	03:09:44	63.880	-22.534	4.4 km	1.2	90.03	6.4 km NW of Grindavík
12.11.2023	03:08:29	63.857	-22.494	4.8 km	2.2	99.0	3.3 km NW of Grindavík
12.11.2023	03:04:00	63.862	-22.313	11.0 km	1.3	90.01	4.9 km SSW of Fagradalsfjall
12.11.2023	03:03:29	63.858	-22.419	5.1 km	0.7	90.02	2.4 km NNE of Grindavík
12.11.2023	03:01:35	63.977	-21.560	3.5 km	0.6	90.01	4.3 km E of Bláfjallaskáli
12.11.2023	03:00:52	63.944	-22.086	4.3 km	0.7	90.01	4.2 km E of Keilir
12.11.2023	03:00:31	63.845	-22.446	5.4 km	1.0	90.06	0.7 km NNW of Grindavík
12.11.2023	02:59:48	63.319	-23.336	4.8 km	1.1	39.9	30.1 km SE of Eldeyjarboði
12.11.2023	02:58:51	63.532	-23.067	1.1 km	0.7	41.75	19.6 km SE of Geirfugladrangur
12.11.2023	02:58:28	63.836	-22.464	5.0 km	0.9	90.04	1.1 km WSW of Grindavík
12.11.2023	02:57:15	63.833	-22.434	5.2 km	0.2	59.39	0.8 km SSE of Grindavík
12.11.2023	02:56:24	63.832	-22.478	6.6 km	0.7	90.04	1.9 km WSW of Grindavík
12.11.2023	02:51:26	63.869	-23.506	1.1 km	0.9	90.01	23.7 km NNW of Geirfugladrangur
12.11.2023	02:48:57	63.825	-22.454	4.1 km	0.5	90.01	1.6 km SSW of Grindavík
12.11.2023	02:48:22	63.236	-22.179	1.1 km	1.1	49.22	67.9 km SSE of Reykjanestá
12.11.2023	02:47:51	63.865	-22.424	4.3 km	0.7	90.02	3.0 km NNE of Grindavík
12.11.2023	02:45:12	63.871	-22.366	8.6 km	0.9	90.01	5.2 km NE of Grindavík
12.11.2023	02:44:38	63.892	-22.402	6.2 km	0.9	90.03	6.2 km NNE of Grindavík
12.11.2023	02:43:06	63.859	-22.422	1.4 km	0.3	81.17	2.5 km NNE of Grindavík
12.11.2023	02:42:49	63.879	-22.517	4.4 km	1.9	99.0	5.8 km NW of Grindavík
12.11.2023	02:42:18	63.861	-22.500	5.6 km	2.0	90.06	3.7 km NW of Grindavík
12.11.2023	02:40:56	63.851	-22.429	4.3 km	0.8	90.02	1.5 km NNE of Grindavík
12.11.2023	02:40:38	63.859	-22.417	5.1 km	1.8	99.0	2.6 km NNE of Grindavík
12.11.2023	02:39:19	63.851	-22.433	5.2 km	1.5	99.0	1.5 km NNE of Grindavík
12.11.2023	02:37:40	63.841	-22.453	4.5 km	1.0	99.0	0.5 km WNW of Grindavík
12.11.2023	02:37:15	63.842	-22.442	4.9 km	1.3	99.0	0.3 km N of Grindavík
12.11.2023	02:36:45	63.700	-23.295	1.1 km	0.7	84.23	2.4 km N of Geirfugladrangur
12.11.2023	02:35:37	63.804	-22.509	5.4 km	1.3	99.0	5.1 km SW of Grindavík
12.11.2023	02:35:34	63.910	-22.362	2.5 km	0.2	99.0	4.4 km WNW of Fagradalsfjall
12.11.2023	02:34:01	63.849	-22.441	5.8 km	2.0	99.0	1.2 km N of Grindavík
12.11.2023	02:33:01	63.857	-22.492	4.4 km	1.7	99.0	3.2 km NW of Grindavík
12.11.2023	02:32:10	63.861	-22.421	4.5 km	2.3	99.0	2.7 km NNE of Grindavík
12.11.2023	02:31:52	63.950	-22.035	5.1 km	0.8	90.03	6.8 km E of Keilir
12.11.2023	02:30:22	63.733	-22.165	12.8 km	0.5	82.32	17.8 km SSW of Krýsuvík
12.11.2023	02:28:08	63.864	-22.419	3.3 km	2.3	99.0	3.1 km NNE of Grindavík
12.11.2023	02:26:22	63.884	-22.455	0.5 km	1.2	84.94	5.1 km N of Grindavík
12.11.2023	02:24:09	63.868	-22.436	4.3 km	0.6	99.0	3.3 km N of Grindavík
12.11.2023	02:23:44	65.262	-24.117	5.4 km	2.4	46.45	33.3 km SE of Bjargtangar
12.11.2023	02:23:23	63.806	-22.517	5.2 km	1.3	90.02	5.2 km SW of Grindavík
12.11.2023	02:23:11	64.126	-23.182	1.1 km	1.5	90.01	25.3 km WNW of Sandgerði
12.11.2023	02:16:15	63.824	-22.492	7.1 km	0.4	90.03	2.9 km SW of Grindavík
12.11.2023	02:15:05	63.884	-22.458	5.5 km	0.1	90.01	5.1 km N of Grindavík
12.11.2023	02:13:52	63.881	-22.532	2.3 km	0.3	90.01	6.4 km NW of Grindavík
12.11.2023	02:13:16	63.886	-22.376	3.0 km	0.3	84.21	5.3 km WSW of Fagradalsfjall
12.11.2023	02:12:53	63.782	-22.703	3.9 km	2.8	99.0	2.0 km S of Reykjanestá
12.11.2023	02:10:08	63.894	-22.387	5.6 km	1.3	90.06	5.6 km W of Fagradalsfjall
12.11.2023	02:06:32	63.873	-22.436	1.5 km	0.2	87.22	3.8 km N of Grindavík
12.11.2023	02:04:50	63.928	-21.992	4.1 km	0.4	59.06	5.8 km NE of Krýsuvík
12.11.2023	02:03:39	63.768	-22.929	1.1 km	0.4	72.4	3.3 km NNE of Eldey
12.11.2023	02:02:33	63.812	-23.237	1.1 km	1.3	35.54	12.9 km N of Geirfuglasker
12.11.2023	02:01:53	63.847	-22.436	4.8 km	1.2	90.03	1.0 km NNE of Grindavík
12.11.2023	02:01:12	63.887	-22.524	2.6 km	1.4	90.01	6.7 km NW of Grindavík
12.11.2023	02:00:52	63.730	-22.574	1.1 km	0.6	90.01	10.1 km SE of Reykjanestá
12.11.2023	02:00:35	63.865	-22.409	3.6 km	0.1	90.01	3.3 km NNE of Grindavík
12.11.2023	01:59:44	63.776	-22.713	3.6 km	2.8	99.0	2.7 km S of Reykjanestá
12.11.2023	01:58:19	64.324	-23.600	4.9 km	1.0	51.79	53.9 km NW of Sandgerði
12.11.2023	01:57:47	63.601	-22.586	1.1 km	1.5	35.34	22.9 km SSE of Reykjanestá
12.11.2023	01:57:10	63.828	-22.459	6.0 km	0.8	90.05	1.4 km SSW of Grindavík
12.11.2023	01:56:04	64.299	-23.668	1.1 km	1.5	55.73	55.1 km WNW of Sandgerði
12.11.2023	01:54:53	63.771	-22.470	56.7 km	1.0	58.56	7.7 km S of Grindavík
12.11.2023	01:53:53	63.853	-22.441	6.0 km	0.4	90.02	1.6 km N of Grindavík
12.11.2023	01:53:16	63.356	-21.950	1.1 km	1.7	53.48	58.9 km SSE of Grindavík
12.11.2023	01:52:08	63.833	-22.461	5.8 km	0.2	90.02	1.1 km SW of Grindavík
12.11.2023	01:49:07	63.800	-23.057	1.1 km	0.4	59.09	8.1 km NW of Eldey
12.11.2023	01:46:03	63.837	-22.469	6.2 km	1.5	90.02	1.3 km W of Grindavík
12.11.2023	01:40:29	63.980	-22.495	7.0 km	0.2	44.61	5.7 km SE of Helguvík
12.11.2023	01:39:24	63.876	-22.392	2.4 km	0.6	90.01	4.8 km NNE of Grindavík
12.11.2023	01:38:27	63.877	-22.514	4.4 km	1.9	99.0	5.5 km NW of Grindavík
12.11.2023	01:37:58	63.856	-22.426	5.9 km	0.1	80.42	2.1 km NNE of Grindavík
12.11.2023	01:37:26	63.891	-22.415	5.1 km	1.0	99.0	6.0 km NNE of Grindavík
12.11.2023	01:36:17	63.818	-22.459	4.6 km	1.1	90.01	2.4 km SSW of Grindavík
12.11.2023	01:35:08	63.819	-22.237	3.8 km	0.2	86.08	9.4 km S of Fagradalsfjall
12.11.2023	01:34:52	63.949	-22.029	5.5 km	0.5	90.02	7.0 km E of Keilir
12.11.2023	01:33:17	63.740	-22.512	1.1 km	0.9	30.15	11.5 km SSW of Grindavík
12.11.2023	01:30:51	63.656	-22.266	6.1 km	0.8	62.56	22.1 km SSE of Grindavík
12.11.2023	01:30:13	63.620	-23.048	17.5 km	1.1	74.24	11.6 km SE of Geirfuglasker
12.11.2023	01:29:23	63.821	-22.451	3.3 km	0.2	52.6	2.0 km SSW of Grindavík
12.11.2023	01:28:37	63.814	-22.516	6.1 km	1.1	90.01	4.5 km SW of Grindavík
12.11.2023	01:28:15	65.193	-16.336	5.1 km	0.9	90.01	2.2 km NNE of Herðubreið
12.11.2023	01:27:50	63.984	-22.883	25.8 km	1.2	90.01	10.6 km WSW of Sandgerði
12.11.2023	01:27:12	63.879	-22.395	5.1 km	0.6	90.02	5.0 km NNE of Grindavík
12.11.2023	01:26:25	63.866	-22.412	4.5 km	1.5	99.0	3.4 km NNE of Grindavík
12.11.2023	01:24:37	63.869	-22.421	3.3 km	0.2	90.01	3.5 km NNE of Grindavík
12.11.2023	01:22:22	63.835	-22.463	4.5 km	0.1	90.01	1.1 km WSW of Grindavík
12.11.2023	01:20:46	63.851	-22.435	6.1 km	1.2	90.05	1.4 km NNE of Grindavík
12.11.2023	01:16:42	63.935	-22.323	4.9 km	0.3	30.25	4.3 km NNW of Fagradalsfjall
12.11.2023	01:15:50	63.736	-22.565	1.1 km	0.5	57.6	9.9 km SE of Reykjanestá
12.11.2023	01:14:13	63.916	-22.051	6.0 km	0.7	90.02	3.3 km NNE of Krýsuvík
12.11.2023	01:12:40	64.303	-24.155	4.5 km	2.1	69.27	69.4 km S of Hellissandur
12.11.2023	01:12:25	65.170	-24.141	6.9 km	2.0	49.05	30.5 km NNW of Hellissandur
12.11.2023	01:12:02	63.872	-22.394	6.1 km	0.5	90.02	4.4 km NNE of Grindavík
12.11.2023	01:11:44	63.454	-23.332	1.1 km	1.7	65.78	23.9 km E of Eldeyjarboði
12.11.2023	01:09:52	63.816	-22.430	2.2 km	0.1	54.66	2.6 km SSE of Grindavík
12.11.2023	01:09:17	63.875	-22.516	3.6 km	2.1	90.01	5.4 km NW of Grindavík
12.11.2023	01:08:53	63.935	-22.010	5.9 km	1.5	90.05	6.0 km NNE of Krýsuvík
12.11.2023	01:08:11	63.977	-23.770	1.1 km	2.0	57.12	40.7 km NW of Geirfugladrangur
12.11.2023	01:06:55	63.847	-22.431	4.6 km	0.9	90.03	1.1 km NNE of Grindavík
12.11.2023	01:05:48	63.928	-22.003	5.0 km	0.6	90.01	5.5 km NE of Krýsuvík
12.11.2023	01:03:24	63.846	-22.439	6.3 km	1.1	90.07	0.8 km NNE of Grindavík
12.11.2023	01:01:49	63.847	-22.436	5.2 km	1.5	90.03	1.0 km NNE of Grindavík
12.11.2023	01:01:26	63.860	-22.416	4.7 km	1.1	90.05	2.7 km NNE of Grindavík
12.11.2023	01:01:02	63.845	-22.436	4.8 km	0.6	90.03	0.8 km NNE of Grindavík
12.11.2023	00:59:09	63.854	-22.431	5.9 km	1.5	90.04	1.8 km NNE of Grindavík
12.11.2023	00:58:49	63.833	-22.454	6.1 km	0.1	88.25	0.9 km SW of Grindavík
12.11.2023	00:57:37	63.831	-22.457	5.9 km	0.8	67.2	1.1 km SW of Grindavík
12.11.2023	00:57:08	63.825	-22.475	5.5 km	1.2	90.04	2.2 km SW of Grindavík
12.11.2023	00:55:57	63.732	-22.456	1.1 km	0.6	89.14	11.9 km S of Grindavík
12.11.2023	00:54:52	63.867	-22.494	4.9 km	1.3	90.01	4.0 km NW of Grindavík
12.11.2023	00:54:45	63.832	-22.425	3.6 km	0.2	90.01	1.2 km SE of Grindavík
12.11.2023	00:54:11	63.892	-22.377	3.7 km	0.9	90.03	5.2 km WSW of Fagradalsfjall
12.11.2023	00:52:06	63.952	-21.749	4.8 km	0.9	90.04	6.1 km SW of Bláfjallaskáli
12.11.2023	00:49:47	63.835	-22.448	4.9 km	0.6	90.02	0.5 km SSW of Grindavík
12.11.2023	00:49:07	63.930	-22.007	3.9 km	0.7	82.78	5.5 km NNE of Krýsuvík
12.11.2023	00:48:31	63.941	-21.992	3.1 km	0.5	90.01	7.0 km NNE of Krýsuvík
12.11.2023	00:48:10	63.361	-23.403	1.1 km	2.1	90.01	24.6 km SE of Eldeyjarboði
12.11.2023	00:46:28	63.880	-22.404	0.5 km	0.3	90.02	5.0 km NNE of Grindavík
12.11.2023	00:46:18	63.927	-22.006	4.6 km	1.1	90.02	5.3 km NNE of Krýsuvík
12.11.2023	00:45:41	63.943	-21.813	7.3 km	0.3	90.01	7.7 km SSE of Helgafell
12.11.2023	00:44:51	63.818	-22.793	7.4 km	1.9	90.02	4.7 km WNW of Reykjanestá
12.11.2023	00:42:44	63.833	-22.461	5.7 km	0.9	90.04	1.1 km SW of Grindavík
12.11.2023	00:41:54	63.652	-23.317	1.1 km	1.5	69.4	3.3 km SSW of Geirfugladrangur
12.11.2023	00:41:29	63.590	-21.650	1.1 km	1.3	36.6	32.6 km SSW of Þorlákshöfn
12.11.2023	00:41:08	63.889	-22.327	2.8 km	0.7	71.87	3.0 km WSW of Fagradalsfjall
12.11.2023	00:37:59	63.655	-23.013	1.1 km	0.8	67.97	8.4 km S of Eldeyjardrangur
12.11.2023	00:37:10	63.838	-22.455	5.6 km	0.8	90.03	0.6 km W of Grindavík
12.11.2023	00:36:21	63.809	-22.575	1.0 km	1.6	90.04	6.5 km E of Reykjanestá
12.11.2023	00:35:47	63.847	-22.430	5.4 km	0.6	90.01	1.1 km NE of Grindavík
12.11.2023	00:34:28	63.833	-22.470	5.5 km	1.3	90.02	1.5 km WSW of Grindavík
12.11.2023	00:34:20	63.905	-21.903	8.2 km	0.4	90.01	8.2 km ENE of Krýsuvík
12.11.2023	00:32:23	63.863	-22.418	5.9 km	0.2	90.01	2.9 km NNE of Grindavík
12.11.2023	00:31:26	63.862	-22.507	5.3 km	2.4	90.08	4.1 km NW of Grindavík
12.11.2023	00:29:48	63.864	-22.405	4.8 km	0.8	90.01	3.4 km NNE of Grindavík
12.11.2023	00:29:44	63.915	-22.633	1.8 km	1.3	90.01	12.4 km SSW of Helguvík
12.11.2023	00:29:39	63.781	-22.936	1.1 km	1.6	90.01	4.6 km NNE of Eldey
12.11.2023	00:28:41	63.831	-22.486	6.2 km	0.6	90.01	2.3 km WSW of Grindavík
12.11.2023	00:25:49	63.654	-23.219	1.1 km	0.5	43.06	4.3 km SE of Geirfugladrangur
12.11.2023	00:24:52	63.879	-22.392	4.3 km	0.8	99.0	5.1 km NNE of Grindavík
12.11.2023	00:24:36	63.950	-22.040	5.6 km	0.3	90.02	6.5 km E of Keilir
12.11.2023	00:24:03	63.848	-22.427	4.7 km	0.9	99.0	1.3 km NE of Grindavík
12.11.2023	00:22:57	63.857	-22.425	6.0 km	0.9	90.01	2.2 km NNE of Grindavík
12.11.2023	00:22:35	63.773	-23.016	37.2 km	0.4	90.01	4.5 km NW of Eldey
12.11.2023	00:22:16	63.925	-22.013	5.1 km	0.9	99.0	4.9 km NNE of Krýsuvík
12.11.2023	00:21:37	63.960	-22.901	1.1 km	1.2	52.12	12.9 km SW of Sandgerði
12.11.2023	00:19:31	63.753	-22.731	1.1 km	0.5	49.46	5.4 km SSW of Reykjanestá
12.11.2023	00:19:09	63.933	-22.050	4.4 km	1.2	99.0	5.2 km N of Krýsuvík
12.11.2023	00:19:05	63.921	-22.365	1.1 km	1.2	90.02	4.9 km WNW of Fagradalsfjall
12.11.2023	00:19:02	63.760	-22.231	1.1 km	1.1	90.01	13.6 km SE of Grindavík
12.11.2023	00:18:33	63.732	-23.055	8.3 km	0.8	41.11	3.2 km W of Eldeyjardrangur
12.11.2023	00:17:10	63.843	-22.440	4.1 km	1.2	99.0	0.5 km NNE of Grindavík
12.11.2023	00:15:55	63.472	-23.311	1.1 km	1.5	89.55	23.0 km S of Geirfugladrangur
12.11.2023	00:14:39	63.687	-22.800	1.1 km	0.4	79.39	9.8 km SE of Eldey
12.11.2023	00:14:19	63.769	-22.628	2.5 km	1.6	90.01	5.1 km SE of Reykjanestá
12.11.2023	00:14:14	63.926	-22.030	7.4 km	0.6	90.01	4.6 km NNE of Krýsuvík
12.11.2023	00:13:38	63.710	-23.208	1.1 km	0.9	90.01	1.5 km N of Geirfuglasker
12.11.2023	00:11:59	63.621	-22.911	76.9 km	1.3	51.96	12.7 km SSE of Eldeyjardrangur
12.11.2023	00:10:44	63.877	-22.394	5.5 km	1.2	99.0	4.9 km NNE of Grindavík
12.11.2023	00:09:24	63.815	-22.693	7.5 km	0.6	66.29	1.8 km NNE of Reykjanestá
12.11.2023	00:08:27	63.936	-22.032	6.5 km	1.3	90.03	5.7 km NNE of Krýsuvík
12.11.2023	00:06:05	63.709	-23.738	1.1 km	1.5	69.61	22.5 km W of Geirfugladrangur
12.11.2023	00:02:21	63.859	-22.423	1.1 km	0.2	90.01	2.4 km NNE of Grindavík
12.11.2023	00:02:07	63.848	-22.432	4.8 km	0.8	99.0	1.1 km NNE of Grindavík
