04.11.2023	23:43:09	63.366	-23.206	5.3 km	0.6	44.62	32.8 km ESE of Eldeyjarboði
04.11.2023	23:42:41	63.864	-22.405	0.5 km	0.2	90.01	3.4 km NNE of Grindavík
04.11.2023	23:25:24	63.881	-22.387	5.5 km	1.8	99.0	5.4 km NNE of Grindavík
04.11.2023	23:19:13	63.864	-22.559	1.1 km	0.1	90.01	6.3 km WNW of Grindavík
04.11.2023	23:17:14	63.857	-22.558	0.9 km	1.6	99.0	6.0 km WNW of Grindavík
04.11.2023	23:15:45	63.856	-22.560	0.3 km	0.4	90.01	6.1 km WNW of Grindavík
04.11.2023	23:14:38	63.858	-22.559	1.1 km	0.4	90.01	6.1 km WNW of Grindavík
04.11.2023	22:50:18	65.232	-16.702	2.6 km	1.2	69.69	12.2 km NE of Lokatindur
04.11.2023	21:30:13	63.901	-22.377	5.8 km	0.5	90.03	5.0 km W of Fagradalsfjall
04.11.2023	21:29:56	63.876	-22.402	5.9 km	0.1	90.01	4.6 km NNE of Grindavík
04.11.2023	21:28:53	63.863	-22.417	5.3 km	0.9	90.06	3.0 km NNE of Grindavík
04.11.2023	21:19:04	66.441	-17.272	10.0 km	2.0	99.0	34.6 km ESE of Grímsey
04.11.2023	20:52:29	63.869	-22.402	5.6 km	0.5	90.03	3.9 km NNE of Grindavík
04.11.2023	20:32:14	63.862	-22.423	5.3 km	2.3	99.0	2.7 km NNE of Grindavík
04.11.2023	20:29:24	63.902	-22.382	6.1 km	1.4	90.05	5.3 km W of Fagradalsfjall
04.11.2023	20:13:43	63.876	-22.408	4.2 km	0.8	99.0	4.5 km NNE of Grindavík
04.11.2023	20:03:05	63.895	-22.393	1.1 km	0.2	62.37	5.9 km W of Fagradalsfjall
04.11.2023	19:22:39	63.953	-21.813	6.8 km	1.1	99.0	6.7 km SSE of Helgafell
04.11.2023	19:20:35	63.830	-22.549	5.4 km	0.2	71.47	5.3 km W of Grindavík
04.11.2023	19:08:42	63.881	-22.381	5.4 km	2.3	99.0	5.6 km NNE of Grindavík
04.11.2023	19:01:49	63.245	-23.597	1.1 km	0.6	62.66	29.2 km SSE of Eldeyjarboði
04.11.2023	18:43:32	65.101	-16.610	18.5 km	0.5	90.01	7.0 km N of Dreki
04.11.2023	18:39:13	63.885	-22.410	5.2 km	0.3	40.42	5.4 km NNE of Grindavík
04.11.2023	18:07:13	63.289	-23.273	1.1 km	2.3	90.01	34.7 km SE of Eldeyjarboði
04.11.2023	18:00:15	63.659	-22.962	41.0 km	0.5	88.08	8.0 km S of Eldeyjardrangur
04.11.2023	17:45:36	63.875	-22.390	5.3 km	0.7	90.05	4.8 km NNE of Grindavík
04.11.2023	17:38:11	63.883	-22.390	4.0 km	0.3	99.0	5.5 km NNE of Grindavík
04.11.2023	17:35:00	63.922	-22.066	4.5 km	0.5	99.0	3.9 km N of Krýsuvík
04.11.2023	17:31:25	63.877	-22.400	2.3 km	0.1	99.0	4.7 km NNE of Grindavík
04.11.2023	17:29:09	63.839	-22.595	1.5 km	0.5	99.0	6.9 km NE of Reykjanestá
04.11.2023	17:27:22	63.873	-22.413	4.3 km	1.1	99.0	4.1 km NNE of Grindavík
04.11.2023	17:18:49	63.902	-22.247	8.7 km	0.5	99.0	1.3 km E of Fagradalsfjall
04.11.2023	17:17:01	63.876	-22.413	3.7 km	0.4	99.0	4.4 km NNE of Grindavík
04.11.2023	17:09:36	65.131	-16.344	4.5 km	0.9	99.0	4.8 km S of Herðubreið
04.11.2023	17:07:44	63.884	-22.389	2.6 km	0.1	99.0	5.6 km NNE of Grindavík
04.11.2023	17:06:13	63.841	-22.646	5.7 km	0.5	90.01	5.4 km NNE of Reykjanestá
04.11.2023	17:05:46	63.884	-22.387	4.5 km	0.4	99.0	5.7 km NNE of Grindavík
04.11.2023	17:05:16	63.889	-22.388	5.2 km	0.7	99.0	5.8 km WSW of Fagradalsfjall
04.11.2023	17:01:47	63.844	-22.570	5.0 km	0.2	99.0	6.3 km W of Grindavík
04.11.2023	17:01:09	63.839	-22.646	6.4 km	0.5	90.01	5.2 km NE of Reykjanestá
04.11.2023	17:00:36	63.840	-22.651	6.8 km	1.6	90.05	5.2 km NNE of Reykjanestá
04.11.2023	16:53:00	63.842	-22.646	5.8 km	0.4	90.02	5.5 km NNE of Reykjanestá
04.11.2023	16:49:55	63.846	-22.643	5.5 km	1.1	99.0	6.0 km NNE of Reykjanestá
04.11.2023	16:48:46	63.861	-22.415	5.2 km	0.5	99.0	2.8 km NNE of Grindavík
04.11.2023	16:47:05	63.840	-22.643	6.4 km	2.2	99.0	5.3 km NE of Reykjanestá
04.11.2023	16:45:40	63.844	-22.649	5.5 km	1.1	90.03	5.6 km NNE of Reykjanestá
04.11.2023	16:43:08	63.723	-22.396	1.1 km	0.1	90.01	13.1 km S of Grindavík
04.11.2023	16:41:57	63.872	-22.401	5.0 km	0.7	90.02	4.2 km NNE of Grindavík
04.11.2023	16:37:17	63.899	-22.376	5.2 km	0.4	99.0	5.0 km W of Fagradalsfjall
04.11.2023	16:36:52	63.843	-22.645	5.6 km	1.1	90.04	5.6 km NNE of Reykjanestá
04.11.2023	16:33:07	63.875	-22.433	2.1 km	0.1	99.0	4.1 km N of Grindavík
04.11.2023	16:29:40	63.878	-22.442	3.5 km	0.7	99.0	4.4 km N of Grindavík
04.11.2023	16:27:46	63.445	-22.942	19.9 km	0.9	90.01	30.9 km SSE of Geirfuglasker
04.11.2023	16:25:57	63.855	-22.438	3.5 km	0.2	99.0	1.8 km N of Grindavík
04.11.2023	16:23:46	63.845	-22.515	3.4 km	0.3	99.0	3.6 km WNW of Grindavík
04.11.2023	16:09:06	63.881	-22.400	5.4 km	1.6	99.0	5.2 km NNE of Grindavík
04.11.2023	16:05:07	63.873	-22.431	2.8 km	0.0	99.0	3.9 km N of Grindavík
04.11.2023	16:02:51	63.861	-22.419	2.5 km	0.1	99.0	2.8 km NNE of Grindavík
04.11.2023	16:00:42	63.862	-22.426	3.5 km	0.2	99.0	2.7 km NNE of Grindavík
04.11.2023	16:00:17	63.859	-22.430	5.6 km	1.7	99.0	2.3 km NNE of Grindavík
04.11.2023	15:40:47	63.850	-22.535	4.6 km	1.0	99.0	4.7 km WNW of Grindavík
04.11.2023	15:37:32	63.349	-23.963	5.0 km	1.2	82.95	17.5 km SSW of Eldeyjarboði
04.11.2023	15:36:40	63.871	-22.400	5.3 km	0.7	99.0	4.1 km NNE of Grindavík
04.11.2023	15:34:38	63.762	-22.829	21.6 km	1.0	52.81	6.8 km ENE of Eldey
04.11.2023	15:24:49	63.881	-22.388	5.1 km	0.6	99.0	5.4 km NNE of Grindavík
04.11.2023	15:22:25	63.842	-22.508	4.6 km	1.1	99.0	3.2 km W of Grindavík
04.11.2023	14:58:01	63.883	-22.431	1.1 km	0.1	57.52	4.9 km N of Grindavík
04.11.2023	14:54:40	63.857	-22.434	3.0 km	0.7	99.0	2.0 km NNE of Grindavík
04.11.2023	14:53:46	63.877	-22.394	4.8 km	1.0	99.0	4.9 km NNE of Grindavík
04.11.2023	14:46:07	63.844	-22.542	5.2 km	1.6	99.0	4.9 km W of Grindavík
04.11.2023	14:41:16	63.882	-22.388	5.6 km	2.2	99.0	5.5 km NNE of Grindavík
04.11.2023	14:27:46	63.885	-22.363	2.8 km	0.7	90.01	4.8 km WSW of Fagradalsfjall
04.11.2023	14:21:18	63.882	-22.393	5.6 km	1.2	90.06	5.4 km NNE of Grindavík
04.11.2023	14:16:08	64.072	-23.661	26.1 km	0.7	44.18	46.8 km W of Sandgerði
04.11.2023	14:14:57	63.878	-22.409	1.9 km	0.5	99.0	4.6 km NNE of Grindavík
04.11.2023	14:13:59	63.881	-22.386	4.6 km	1.2	99.0	5.4 km NNE of Grindavík
04.11.2023	14:11:57	63.882	-22.387	5.6 km	0.9	99.0	5.5 km NNE of Grindavík
04.11.2023	14:11:21	63.880	-22.388	5.1 km	0.9	99.0	5.3 km NNE of Grindavík
04.11.2023	14:09:28	63.884	-22.381	5.2 km	1.1	99.0	5.6 km WSW of Fagradalsfjall
04.11.2023	14:05:25	63.848	-22.452	5.4 km	1.4	99.0	1.1 km NNW of Grindavík
04.11.2023	14:05:24	63.869	-22.556	1.1 km	0.2	90.01	6.5 km WNW of Grindavík
04.11.2023	13:52:51	63.831	-22.572	3.1 km	1.9	99.0	6.4 km W of Grindavík
04.11.2023	13:28:29	63.392	-23.017	4.5 km	0.6	63.29	34.5 km SSE of Geirfugladrangur
04.11.2023	13:16:47	63.833	-22.507	4.6 km	0.2	80.53	3.2 km WSW of Grindavík
04.11.2023	13:09:54	63.838	-22.454	3.7 km	0.1	83.02	0.6 km W of Grindavík
04.11.2023	13:08:26	63.860	-21.358	0.3 km	0.1	76.41	1.0 km ENE of Þorlákshöfn
04.11.2023	13:05:02	63.878	-22.399	4.2 km	1.1	99.0	4.8 km NNE of Grindavík
04.11.2023	13:02:17	63.877	-22.391	4.3 km	0.7	99.0	4.9 km NNE of Grindavík
04.11.2023	12:59:13	63.880	-22.400	4.8 km	1.3	99.0	5.1 km NNE of Grindavík
04.11.2023	12:53:19	63.853	-22.453	5.4 km	0.5	90.03	1.7 km NNW of Grindavík
04.11.2023	12:41:27	63.860	-22.428	1.9 km	0.5	90.01	2.5 km NNE of Grindavík
04.11.2023	12:35:15	63.879	-22.410	4.8 km	1.5	90.08	4.7 km NNE of Grindavík
05.11.2023	23:57:00	63.878	-22.400	5.1 km	3.5	99.0	4.9 km NNE of Grindavík
05.11.2023	23:53:36	63.589	-23.293	1.1 km	0.8	90.01	9.9 km S of Geirfugladrangur
05.11.2023	23:41:42	63.878	-22.392	4.5 km	0.5	90.02	5.0 km NNE of Grindavík
05.11.2023	23:19:14	63.817	-22.549	4.4 km	1.6	90.03	5.7 km WSW of Grindavík
05.11.2023	22:41:30	64.051	-21.213	4.0 km	0.4	90.01	3.1 km SSW of Hrómundartindi
05.11.2023	22:40:20	63.859	-22.559	6.0 km	1.3	90.04	6.1 km WNW of Grindavík
05.11.2023	22:35:40	63.863	-22.567	4.1 km	0.3	54.12	6.7 km WNW of Grindavík
05.11.2023	22:34:20	63.857	-22.551	5.4 km	1.9	99.0	5.7 km WNW of Grindavík
05.11.2023	22:33:05	63.857	-22.550	5.8 km	2.6	99.0	5.6 km WNW of Grindavík
05.11.2023	21:43:10	63.859	-22.450	0.9 km	0.6	99.0	2.3 km N of Grindavík
05.11.2023	21:29:59	63.876	-22.423	2.6 km	0.5	99.0	4.2 km NNE of Grindavík
05.11.2023	21:28:31	63.873	-22.420	3.6 km	1.1	99.0	3.9 km NNE of Grindavík
05.11.2023	21:23:54	63.834	-22.675	6.5 km	0.5	54.09	4.0 km NNE of Reykjanestá
05.11.2023	21:11:41	63.818	-22.643	4.1 km	0.4	64.6	3.6 km ENE of Reykjanestá
05.11.2023	21:10:46	63.886	-22.464	3.7 km	1.5	99.0	5.4 km NNW of Grindavík
05.11.2023	21:05:10	63.833	-22.550	5.2 km	0.1	99.0	5.3 km W of Grindavík
05.11.2023	20:49:42	63.880	-22.437	2.5 km	0.5	99.0	4.6 km N of Grindavík
05.11.2023	20:29:53	63.898	-22.382	5.1 km	0.6	99.0	5.3 km W of Fagradalsfjall
05.11.2023	19:26:07	63.861	-22.609	4.6 km	0.1	52.05	8.2 km NE of Reykjanestá
05.11.2023	19:15:50	65.740	-18.256	7.9 km	1.6	99.0	9.3 km NW of Akureyri
05.11.2023	19:03:57	63.862	-22.601	4.1 km	0.2	67.99	8.2 km WNW of Grindavík
05.11.2023	18:56:12	64.393	-17.255	1.6 km	1.0	69.29	1.6 km SE of Grímsfjall
05.11.2023	18:43:50	63.891	-22.774	1.1 km	0.6	31.93	10.6 km NNW of Reykjanestá
05.11.2023	18:35:28	63.832	-22.590	3.4 km	0.2	90.01	6.7 km ENE of Reykjanestá
05.11.2023	18:26:52	66.324	-16.773	6.8 km	1.5	54.27	14.5 km W of Kópasker
05.11.2023	18:22:01	64.004	-20.419	8.2 km	0.4	52.53	9.2 km WSW of Árnes
05.11.2023	18:16:46	63.890	-22.386	5.1 km	0.7	99.0	5.6 km WSW of Fagradalsfjall
05.11.2023	18:14:20	63.857	-22.620	5.6 km	0.1	32.35	7.6 km NNE of Reykjanestá
05.11.2023	18:11:19	63.853	-22.446	4.3 km	1.6	99.0	1.5 km N of Grindavík
05.11.2023	18:10:57	63.852	-22.438	2.5 km	0.5	99.0	1.4 km N of Grindavík
05.11.2023	17:59:58	63.884	-22.390	5.5 km	0.8	90.05	5.6 km NNE of Grindavík
05.11.2023	17:44:18	63.888	-22.389	5.7 km	1.0	99.0	5.8 km WSW of Fagradalsfjall
05.11.2023	17:32:03	63.870	-22.386	4.2 km	0.5	99.0	4.5 km NE of Grindavík
05.11.2023	17:26:19	63.822	-22.641	2.0 km	0.4	59.57	4.0 km NE of Reykjanestá
05.11.2023	17:23:46	63.888	-22.397	5.0 km	1.9	99.0	5.9 km NNE of Grindavík
05.11.2023	17:22:39	63.880	-22.421	5.0 km	0.8	99.0	4.7 km NNE of Grindavík
05.11.2023	17:17:18	63.889	-22.397	5.0 km	1.9	99.0	6.0 km NNE of Grindavík
05.11.2023	17:10:12	63.440	-23.385	5.3 km	0.6	67.71	21.6 km ESE of Eldeyjarboði
05.11.2023	17:08:24	63.855	-22.434	4.2 km	1.1	99.0	1.9 km NNE of Grindavík
05.11.2023	17:08:06	64.271	-23.415	1.1 km	1.6	37.46	43.2 km NW of Sandgerði
05.11.2023	17:07:37	63.824	-22.640	3.9 km	1.3	90.03	4.2 km NE of Reykjanestá
05.11.2023	17:05:08	63.865	-22.446	3.5 km	1.3	99.0	2.9 km N of Grindavík
05.11.2023	16:53:58	63.862	-22.565	2.3 km	1.3	90.02	6.5 km WNW of Grindavík
05.11.2023	16:52:54	63.869	-22.434	10.0 km	1.2	99.0	3.4 km N of Grindavík
05.11.2023	16:50:44	63.867	-22.428	1.6 km	0.5	99.0	3.2 km NNE of Grindavík
05.11.2023	16:47:56	63.865	-22.434	3.3 km	0.8	99.0	3.0 km N of Grindavík
05.11.2023	16:41:05	63.868	-22.426	2.3 km	1.1	99.0	3.4 km NNE of Grindavík
05.11.2023	16:40:38	63.870	-22.434	4.0 km	1.8	99.0	3.5 km N of Grindavík
05.11.2023	16:39:00	63.869	-22.433	3.7 km	1.4	99.0	3.4 km N of Grindavík
05.11.2023	16:35:25	63.867	-22.433	3.8 km	1.5	99.0	3.1 km N of Grindavík
05.11.2023	16:35:03	63.868	-22.432	3.9 km	1.8	99.0	3.3 km N of Grindavík
05.11.2023	16:34:48	63.867	-22.437	3.7 km	1.7	99.0	3.1 km N of Grindavík
05.11.2023	16:28:43	63.874	-22.618	1.9 km	0.2	90.01	9.3 km NNE of Reykjanestá
05.11.2023	16:26:47	63.843	-22.592	4.4 km	0.4	53.8	7.3 km NE of Reykjanestá
05.11.2023	16:26:22	63.819	-22.624	5.2 km	0.1	32.82	4.5 km ENE of Reykjanestá
05.11.2023	16:20:26	63.806	-22.675	7.0 km	0.6	79.68	1.6 km ENE of Reykjanestá
05.11.2023	16:18:23	63.876	-22.521	2.7 km	1.1	90.02	5.6 km NW of Grindavík
05.11.2023	16:17:10	63.863	-22.589	3.7 km	0.3	61.65	7.7 km WNW of Grindavík
05.11.2023	16:08:01	63.859	-22.623	5.6 km	1.0	90.03	7.7 km NNE of Reykjanestá
05.11.2023	16:05:21	63.859	-22.564	5.7 km	1.1	99.0	6.4 km WNW of Grindavík
05.11.2023	16:04:20	63.707	-23.281	4.3 km	0.5	47.9	3.2 km N of Geirfugladrangur
05.11.2023	16:04:03	63.829	-22.593	1.1 km	0.1	30.28	6.4 km ENE of Reykjanestá
05.11.2023	16:00:09	63.859	-22.434	2.4 km	1.0	99.0	2.3 km NNE of Grindavík
05.11.2023	15:59:04	63.870	-22.431	3.9 km	1.7	99.0	3.5 km N of Grindavík
05.11.2023	15:58:48	63.856	-22.597	5.4 km	1.2	99.0	7.8 km WNW of Grindavík
05.11.2023	15:55:46	63.869	-22.434	4.0 km	1.5	99.0	3.4 km N of Grindavík
05.11.2023	15:53:27	63.839	-22.565	9.3 km	0.1	90.01	6.0 km W of Grindavík
05.11.2023	15:53:05	63.860	-22.490	1.1 km	0.1	90.01	3.3 km NW of Grindavík
05.11.2023	15:52:14	63.885	-22.393	4.7 km	0.9	99.0	5.6 km NNE of Grindavík
05.11.2023	15:51:51	63.871	-22.418	2.5 km	0.6	90.01	3.8 km NNE of Grindavík
05.11.2023	15:51:50	63.811	-22.580	5.4 km	0.8	90.01	6.3 km E of Reykjanestá
05.11.2023	15:50:52	63.866	-23.282	1.1 km	0.8	66.56	19.2 km N of Geirfuglasker
05.11.2023	15:48:59	63.683	-19.552	6.9 km	1.8	39.0	3.6 km W of Básar
05.11.2023	15:45:36	63.859	-22.624	5.6 km	1.1	90.04	7.7 km NNE of Reykjanestá
05.11.2023	15:41:07	63.948	-22.094	5.4 km	0.3	90.02	3.9 km E of Keilir
05.11.2023	15:34:52	63.860	-22.624	4.9 km	0.3	90.01	7.8 km NNE of Reykjanestá
05.11.2023	15:31:03	63.870	-22.444	3.5 km	0.8	90.03	3.5 km N of Grindavík
05.11.2023	15:30:32	63.857	-22.622	6.0 km	0.4	72.3	7.5 km NNE of Reykjanestá
05.11.2023	15:28:17	63.851	-22.598	4.6 km	0.6	88.03	7.7 km NE of Reykjanestá
05.11.2023	15:26:43	63.872	-22.424	0.1 km	0.8	99.0	3.8 km NNE of Grindavík
05.11.2023	15:26:11	63.709	-23.107	1.1 km	0.3	81.79	5.2 km ENE of Geirfuglasker
05.11.2023	15:24:46	63.868	-22.438	2.4 km	1.0	99.0	3.2 km N of Grindavík
05.11.2023	15:24:34	63.865	-22.457	5.1 km	0.7	99.0	2.9 km NNW of Grindavík
05.11.2023	15:23:31	63.867	-22.445	4.3 km	1.6	99.0	3.1 km N of Grindavík
05.11.2023	15:23:23	63.870	-22.441	2.3 km	0.9	99.0	3.5 km N of Grindavík
05.11.2023	15:23:10	63.869	-22.440	1.1 km	0.2	99.0	3.3 km N of Grindavík
05.11.2023	15:22:25	63.885	-22.412	5.9 km	1.0	90.03	5.3 km NNE of Grindavík
05.11.2023	15:21:38	63.876	-22.413	2.4 km	0.9	99.0	4.4 km NNE of Grindavík
05.11.2023	15:20:50	64.154	-23.286	1.1 km	1.8	38.2	31.2 km WNW of Sandgerði
05.11.2023	15:20:22	63.869	-22.433	2.4 km	0.9	99.0	3.4 km N of Grindavík
05.11.2023	15:18:45	63.875	-22.414	3.7 km	1.2	99.0	4.3 km NNE of Grindavík
05.11.2023	15:14:54	63.874	-22.416	4.7 km	2.5	99.0	4.1 km NNE of Grindavík
05.11.2023	15:13:03	63.872	-22.524	1.8 km	0.3	37.85	5.4 km NW of Grindavík
05.11.2023	15:11:34	63.831	-22.638	4.5 km	1.2	63.45	4.8 km NE of Reykjanestá
05.11.2023	15:11:08	63.819	-22.641	5.6 km	1.0	90.01	3.8 km ENE of Reykjanestá
05.11.2023	15:10:46	63.875	-22.422	5.1 km	1.2	99.0	4.1 km NNE of Grindavík
05.11.2023	15:10:27	63.867	-22.444	4.1 km	1.9	99.0	3.1 km N of Grindavík
05.11.2023	15:04:20	63.830	-22.639	4.8 km	0.8	48.86	4.6 km NE of Reykjanestá
05.11.2023	15:01:37	63.874	-22.384	4.4 km	1.3	99.0	4.9 km NE of Grindavík
05.11.2023	14:59:21	63.859	-22.426	2.8 km	0.7	99.0	2.4 km NNE of Grindavík
05.11.2023	14:57:25	63.833	-22.668	6.3 km	0.3	45.88	4.1 km NNE of Reykjanestá
05.11.2023	14:56:44	63.831	-22.603	4.0 km	0.8	90.01	6.1 km NE of Reykjanestá
05.11.2023	14:56:29	63.857	-22.547	5.5 km	0.7	63.09	5.5 km WNW of Grindavík
05.11.2023	14:53:54	63.873	-22.442	4.3 km	1.1	99.0	3.8 km N of Grindavík
05.11.2023	14:52:20	63.875	-22.432	3.9 km	1.1	99.0	4.1 km N of Grindavík
05.11.2023	14:50:52	63.874	-22.428	1.8 km	0.6	99.0	4.0 km N of Grindavík
05.11.2023	14:49:19	63.883	-23.503	1.1 km	0.7	72.26	25.1 km NNW of Geirfugladrangur
05.11.2023	14:48:31	63.863	-22.431	5.2 km	0.9	90.04	2.7 km NNE of Grindavík
05.11.2023	14:45:59	63.869	-22.431	4.2 km	1.9	99.0	3.4 km N of Grindavík
05.11.2023	14:43:17	63.871	-22.438	4.9 km	3.4	99.0	3.5 km N of Grindavík
05.11.2023	14:41:53	64.003	-23.124	1.1 km	0.2	73.39	20.9 km W of Sandgerði
05.11.2023	14:41:21	63.822	-22.673	7.5 km	0.9	80.5	2.9 km NNE of Reykjanestá
05.11.2023	14:38:06	63.873	-22.418	2.6 km	1.3	90.01	4.0 km NNE of Grindavík
05.11.2023	14:37:56	63.862	-22.446	3.4 km	0.7	90.02	2.6 km N of Grindavík
05.11.2023	14:37:52	63.861	-22.509	1.1 km	0.2	90.01	4.1 km NW of Grindavík
05.11.2023	14:37:30	63.866	-22.432	3.8 km	1.5	99.0	3.1 km N of Grindavík
05.11.2023	14:37:10	63.865	-22.437	4.4 km	2.2	99.0	3.0 km N of Grindavík
05.11.2023	14:35:20	63.830	-22.640	4.7 km	1.3	90.04	4.6 km NE of Reykjanestá
05.11.2023	14:31:22	63.872	-22.418	3.4 km	1.7	99.0	3.9 km NNE of Grindavík
05.11.2023	14:30:48	63.858	-22.619	6.0 km	0.2	56.97	7.7 km NNE of Reykjanestá
05.11.2023	14:26:36	63.729	-22.871	5.2 km	0.7	36.29	4.5 km ESE of Eldey
05.11.2023	14:25:07	63.877	-22.434	4.3 km	2.5	99.0	4.2 km N of Grindavík
05.11.2023	14:23:37	63.876	-22.432	1.4 km	0.1	90.01	4.2 km N of Grindavík
05.11.2023	14:23:11	63.371	-24.141	5.0 km	2.3	59.83	21.3 km SW of Eldeyjarboði
05.11.2023	14:21:42	63.875	-22.442	4.2 km	2.7	99.0	4.0 km N of Grindavík
05.11.2023	14:12:10	63.844	-22.629	1.1 km	0.6	90.01	6.1 km NE of Reykjanestá
05.11.2023	14:09:56	63.813	-22.669	3.9 km	0.1	46.17	2.3 km NE of Reykjanestá
05.11.2023	14:02:23	63.873	-22.420	2.1 km	0.5	99.0	4.0 km NNE of Grindavík
05.11.2023	14:02:15	63.877	-22.419	0.4 km	0.2	99.0	4.4 km NNE of Grindavík
05.11.2023	13:56:33	63.829	-22.549	15.5 km	0.2	90.01	5.3 km WSW of Grindavík
05.11.2023	13:56:07	63.868	-22.421	4.4 km	1.2	90.06	3.4 km NNE of Grindavík
05.11.2023	13:55:15	63.863	-22.614	4.7 km	0.9	90.01	8.3 km NNE of Reykjanestá
05.11.2023	13:54:54	63.819	-22.638	5.9 km	0.2	90.01	3.9 km ENE of Reykjanestá
05.11.2023	13:52:58	63.829	-22.640	4.5 km	2.1	90.05	4.5 km NE of Reykjanestá
05.11.2023	13:48:30	63.826	-22.643	4.9 km	2.0	90.07	4.2 km NE of Reykjanestá
05.11.2023	13:47:42	63.674	-23.874	5.5 km	0.6	72.82	20.7 km N of Eldeyjarboði
05.11.2023	13:45:40	63.778	-22.784	22.7 km	0.5	90.01	4.6 km WSW of Reykjanestá
05.11.2023	13:43:22	63.868	-22.429	2.9 km	0.9	90.03	3.3 km NNE of Grindavík
05.11.2023	13:39:55	63.901	-22.431	1.1 km	2.3	90.09	6.9 km N of Grindavík
05.11.2023	13:37:44	63.865	-22.430	2.7 km	0.2	90.02	3.0 km NNE of Grindavík
05.11.2023	13:37:05	63.889	-22.361	5.1 km	0.1	90.02	4.5 km WSW of Fagradalsfjall
05.11.2023	13:36:29	63.868	-22.426	2.7 km	2.0	99.0	3.3 km NNE of Grindavík
05.11.2023	13:32:01	63.868	-22.427	3.4 km	2.2	99.0	3.4 km NNE of Grindavík
05.11.2023	13:27:02	63.835	-22.625	2.1 km	0.1	62.73	5.5 km NE of Reykjanestá
05.11.2023	13:17:55	63.868	-22.505	4.0 km	0.6	90.03	4.5 km NW of Grindavík
05.11.2023	13:15:24	63.863	-22.618	3.9 km	0.8	41.74	8.2 km NNE of Reykjanestá
05.11.2023	13:11:44	63.861	-22.541	4.7 km	2.0	99.0	5.4 km WNW of Grindavík
05.11.2023	13:10:42	63.869	-22.425	3.2 km	1.8	99.0	3.4 km NNE of Grindavík
05.11.2023	13:09:55	63.872	-22.424	3.5 km	0.6	99.0	3.7 km NNE of Grindavík
05.11.2023	13:08:57	63.866	-22.608	3.8 km	0.5	88.85	8.6 km WNW of Grindavík
05.11.2023	13:06:56	63.856	-22.616	5.7 km	1.1	99.0	7.6 km NE of Reykjanestá
05.11.2023	13:04:01	63.868	-22.425	3.3 km	1.3	99.0	3.4 km NNE of Grindavík
05.11.2023	13:03:08	63.868	-22.423	3.5 km	2.0	99.0	3.4 km NNE of Grindavík
05.11.2023	13:01:39	63.840	-22.636	5.3 km	0.5	69.0	5.6 km NE of Reykjanestá
05.11.2023	13:01:21	63.979	-23.924	2.0 km	1.8	31.2	45.7 km NW of Geirfugladrangur
05.11.2023	13:00:11	63.854	-22.581	6.1 km	2.1	90.08	7.0 km WNW of Grindavík
05.11.2023	12:58:47	63.857	-22.614	5.0 km	1.4	99.0	7.8 km NE of Reykjanestá
05.11.2023	12:58:01	63.877	-22.386	5.1 km	2.0	99.0	5.1 km NNE of Grindavík
05.11.2023	12:57:25	63.862	-22.613	5.0 km	1.1	90.02	8.2 km NNE of Reykjanestá
05.11.2023	12:54:10	63.860	-22.612	5.5 km	0.2	52.61	8.1 km NE of Reykjanestá
05.11.2023	12:53:36	63.855	-22.608	4.9 km	1.1	90.02	7.7 km NE of Reykjanestá
05.11.2023	12:49:27	63.868	-22.647	0.1 km	0.3	33.61	8.1 km NNE of Reykjanestá
05.11.2023	12:46:23	63.865	-22.407	4.4 km	1.4	99.0	3.4 km NNE of Grindavík
05.11.2023	12:45:32	63.847	-22.599	8.8 km	1.1	68.04	7.4 km NE of Reykjanestá
05.11.2023	12:43:38	63.863	-22.608	5.4 km	1.5	90.06	8.5 km NE of Reykjanestá
05.11.2023	12:42:54	63.849	-22.641	5.3 km	0.6	74.77	6.3 km NNE of Reykjanestá
05.11.2023	12:42:24	63.862	-22.620	4.9 km	1.5	90.06	8.0 km NNE of Reykjanestá
05.11.2023	12:40:43	63.847	-22.644	0.8 km	0.9	90.01	6.0 km NNE of Reykjanestá
05.11.2023	12:39:51	63.864	-22.622	5.7 km	1.4	90.05	8.2 km NNE of Reykjanestá
05.11.2023	12:37:48	63.842	-22.630	4.0 km	0.1	90.01	5.9 km NE of Reykjanestá
05.11.2023	12:36:09	63.865	-22.407	3.8 km	0.9	90.03	3.4 km NNE of Grindavík
05.11.2023	12:33:30	63.859	-22.615	6.4 km	2.0	90.07	7.9 km NE of Reykjanestá
05.11.2023	12:32:52	63.859	-22.615	5.2 km	0.2	90.01	7.9 km NE of Reykjanestá
05.11.2023	12:32:27	63.862	-22.618	5.1 km	1.3	99.0	8.1 km NNE of Reykjanestá
05.11.2023	12:30:58	63.793	-23.094	4.5 km	0.8	90.01	8.7 km NW of Eldeyjardrangur
05.11.2023	12:29:30	63.951	-21.416	9.0 km	0.5	70.17	1.5 km NW of Raufarhólshellir
05.11.2023	12:29:05	63.881	-22.398	4.8 km	1.4	99.0	5.2 km NNE of Grindavík
05.11.2023	12:28:59	63.643	-22.410	15.2 km	0.9	90.01	21.8 km S of Grindavík
05.11.2023	12:27:41	63.869	-22.510	4.6 km	2.3	99.0	4.7 km NW of Grindavík
05.11.2023	12:16:07	63.746	-22.825	35.9 km	0.4	90.01	6.6 km E of Eldey
05.11.2023	12:12:46	63.623	-19.437	1.1 km	2.3	30.62	6.4 km SSE of Básar
05.11.2023	12:11:41	63.870	-22.426	4.2 km	0.9	90.04	3.6 km NNE of Grindavík
05.11.2023	12:00:18	63.867	-22.433	3.6 km	0.9	90.03	3.2 km N of Grindavík
05.11.2023	11:58:57	63.797	-22.984	1.1 km	0.3	37.48	6.3 km NNW of Eldey
05.11.2023	11:55:44	63.782	-23.295	5.4 km	1.4	73.12	10.4 km NNW of Geirfuglasker
05.11.2023	11:55:27	63.861	-22.602	3.1 km	0.6	90.04	8.2 km WNW of Grindavík
05.11.2023	11:52:59	63.890	-22.545	4.5 km	1.6	90.03	7.6 km NW of Grindavík
05.11.2023	11:47:10	63.871	-22.425	4.3 km	0.8	90.03	3.7 km NNE of Grindavík
05.11.2023	11:45:15	63.870	-22.428	5.0 km	1.3	90.05	3.5 km NNE of Grindavík
05.11.2023	11:44:01	63.807	-22.597	9.8 km	0.5	35.76	5.4 km E of Reykjanestá
05.11.2023	11:40:29	63.851	-22.546	5.8 km	0.2	90.01	5.2 km WNW of Grindavík
05.11.2023	11:33:54	63.936	-22.078	8.5 km	0.7	84.21	4.6 km E of Keilir
05.11.2023	11:31:27	63.869	-22.441	2.9 km	0.1	90.02	3.4 km N of Grindavík
05.11.2023	11:30:21	63.872	-22.506	3.9 km	0.1	90.04	4.8 km NW of Grindavík
05.11.2023	11:29:13	63.838	-22.595	3.1 km	0.4	90.01	6.9 km NE of Reykjanestá
05.11.2023	11:18:56	63.856	-22.605	5.5 km	0.3	30.7	7.9 km NE of Reykjanestá
05.11.2023	11:17:02	63.867	-22.448	4.5 km	0.9	90.04	3.1 km N of Grindavík
05.11.2023	11:14:14	63.872	-22.678	1.1 km	0.2	38.04	8.1 km N of Reykjanestá
05.11.2023	11:13:41	63.862	-22.609	4.0 km	1.2	90.03	8.3 km NE of Reykjanestá
05.11.2023	11:13:06	63.864	-22.618	3.9 km	0.4	76.83	8.3 km NNE of Reykjanestá
05.11.2023	11:10:15	63.863	-22.606	5.4 km	0.1	90.01	8.4 km WNW of Grindavík
05.11.2023	11:09:54	63.841	-22.607	2.5 km	1.3	90.02	6.6 km NE of Reykjanestá
05.11.2023	11:09:02	63.839	-22.613	3.1 km	1.7	90.05	6.3 km NE of Reykjanestá
05.11.2023	11:06:11	63.855	-22.548	5.7 km	1.8	99.0	5.5 km WNW of Grindavík
05.11.2023	11:01:33	63.856	-22.560	5.3 km	0.7	90.02	6.1 km WNW of Grindavík
05.11.2023	10:58:36	63.870	-22.632	1.1 km	0.3	90.02	8.6 km NNE of Reykjanestá
05.11.2023	10:54:02	63.854	-22.599	5.9 km	0.1	35.2	7.8 km WNW of Grindavík
05.11.2023	10:50:14	63.867	-22.615	4.0 km	0.1	80.11	8.6 km NNE of Reykjanestá
05.11.2023	10:46:14	63.813	-22.664	3.1 km	1.4	90.02	2.5 km NE of Reykjanestá
05.11.2023	10:44:59	63.875	-22.754	9.1 km	0.1	90.01	8.6 km NNW of Reykjanestá
05.11.2023	10:44:56	63.790	-22.606	1.1 km	0.2	90.01	5.0 km ESE of Reykjanestá
05.11.2023	10:44:54	63.881	-22.790	1.1 km	0.7	90.01	9.9 km NNW of Reykjanestá
05.11.2023	10:44:01	63.867	-22.455	2.2 km	0.3	90.02	3.2 km N of Grindavík
05.11.2023	10:41:58	63.862	-22.452	2.1 km	1.1	90.03	2.6 km N of Grindavík
05.11.2023	10:39:18	63.701	-24.351	5.5 km	1.0	37.52	35.7 km NW of Eldeyjarboði
05.11.2023	10:38:46	63.880	-22.417	4.4 km	0.6	90.03	4.7 km NNE of Grindavík
05.11.2023	10:38:30	63.817	-22.551	21.9 km	0.7	90.01	5.8 km WSW of Grindavík
05.11.2023	10:37:13	63.873	-22.463	2.8 km	1.1	99.0	3.9 km NNW of Grindavík
05.11.2023	10:36:47	63.873	-22.442	1.4 km	0.9	90.03	3.8 km N of Grindavík
05.11.2023	10:36:23	63.871	-22.449	2.8 km	1.6	99.0	3.6 km N of Grindavík
05.11.2023	10:36:22	63.864	-22.505	6.8 km	1.3	90.01	4.1 km NW of Grindavík
05.11.2023	10:35:04	63.864	-22.446	1.2 km	2.0	99.0	2.8 km N of Grindavík
05.11.2023	10:34:38	63.869	-22.445	3.3 km	2.9	99.0	3.4 km N of Grindavík
05.11.2023	10:33:37	63.881	-22.427	1.1 km	0.1	47.51	4.7 km N of Grindavík
05.11.2023	10:32:56	63.868	-22.447	3.1 km	3.5	99.0	3.3 km N of Grindavík
05.11.2023	10:32:55	63.852	-22.590	4.7 km	3.3	90.09	7.4 km WNW of Grindavík
05.11.2023	10:28:38	63.825	-22.517	2.6 km	0.4	90.01	4.0 km WSW of Grindavík
05.11.2023	10:20:41	63.905	-22.422	1.1 km	0.9	81.24	7.2 km W of Fagradalsfjall
05.11.2023	10:20:18	63.864	-22.440	0.2 km	0.7	90.01	2.8 km N of Grindavík
05.11.2023	10:19:39	63.869	-22.454	3.4 km	1.2	90.03	3.4 km N of Grindavík
05.11.2023	10:16:56	63.823	-22.635	4.5 km	1.2	90.01	4.3 km NE of Reykjanestá
05.11.2023	10:15:44	63.859	-22.453	3.7 km	1.3	99.0	2.3 km NNW of Grindavík
05.11.2023	10:15:06	63.828	-22.666	20.8 km	0.4	49.0	3.6 km NNE of Reykjanestá
05.11.2023	10:14:12	63.867	-22.442	3.8 km	2.4	99.0	3.2 km N of Grindavík
05.11.2023	10:13:24	63.868	-22.451	1.1 km	1.1	86.38	3.3 km N of Grindavík
05.11.2023	10:13:04	63.866	-22.445	4.0 km	3.2	99.0	3.1 km N of Grindavík
05.11.2023	10:12:39	63.860	-22.585	4.8 km	0.6	90.01	7.4 km WNW of Grindavík
05.11.2023	10:10:40	63.866	-22.601	4.0 km	0.3	90.01	8.3 km WNW of Grindavík
05.11.2023	10:09:30	63.834	-22.658	6.1 km	0.1	41.64	4.4 km NNE of Reykjanestá
05.11.2023	10:09:06	63.870	-22.611	5.9 km	0.2	39.93	8.9 km WNW of Grindavík
05.11.2023	10:08:07	63.859	-22.605	5.8 km	1.2	90.03	8.2 km NE of Reykjanestá
05.11.2023	10:04:56	63.848	-22.643	6.2 km	0.7	87.6	6.1 km NNE of Reykjanestá
05.11.2023	10:03:23	63.839	-22.647	6.5 km	1.7	90.01	5.2 km NNE of Reykjanestá
05.11.2023	10:03:20	63.862	-22.429	1.1 km	0.1	90.01	2.7 km NNE of Grindavík
05.11.2023	09:58:06	63.935	-23.390	1.1 km	0.5	49.78	27.9 km NNW of Geirfuglasker
05.11.2023	09:54:40	63.846	-22.618	1.8 km	0.8	90.01	6.7 km NE of Reykjanestá
05.11.2023	09:50:03	63.873	-22.511	1.8 km	1.1	99.0	5.0 km NW of Grindavík
05.11.2023	09:49:44	63.879	-22.400	7.0 km	1.2	99.0	4.9 km NNE of Grindavík
05.11.2023	09:45:15	63.884	-22.411	4.8 km	1.6	99.0	5.3 km NNE of Grindavík
05.11.2023	09:39:48	63.841	-22.617	0.4 km	0.3	41.38	6.3 km NE of Reykjanestá
05.11.2023	09:39:32	63.839	-22.644	6.2 km	0.4	90.01	5.3 km NE of Reykjanestá
05.11.2023	09:38:43	63.858	-22.589	5.6 km	1.6	99.0	7.5 km WNW of Grindavík
05.11.2023	09:33:16	63.852	-22.551	5.7 km	1.5	90.06	5.5 km WNW of Grindavík
05.11.2023	09:30:05	63.861	-22.581	8.0 km	0.3	90.03	7.2 km WNW of Grindavík
05.11.2023	09:29:12	63.852	-22.566	5.2 km	0.2	90.01	6.2 km WNW of Grindavík
05.11.2023	09:26:23	63.885	-22.470	5.0 km	0.2	90.01	5.3 km NNW of Grindavík
05.11.2023	09:21:46	63.857	-22.625	5.1 km	0.2	47.87	7.4 km NNE of Reykjanestá
05.11.2023	09:20:17	63.864	-22.605	5.9 km	0.6	58.61	8.4 km WNW of Grindavík
05.11.2023	09:16:27	63.856	-22.550	4.9 km	0.7	90.01	5.6 km WNW of Grindavík
05.11.2023	09:16:07	63.782	-23.852	6.7 km	0.7	72.77	30.1 km WNW of Geirfugladrangur
05.11.2023	09:15:26	63.823	-22.530	7.6 km	0.2	90.01	4.6 km WSW of Grindavík
05.11.2023	09:13:22	63.680	-22.358	4.7 km	1.0	54.85	18.1 km SSE of Grindavík
05.11.2023	09:06:04	63.877	-22.530	1.0 km	0.1	90.02	6.0 km NW of Grindavík
05.11.2023	09:03:04	63.872	-22.523	3.9 km	3.2	99.0	5.4 km NW of Grindavík
05.11.2023	08:59:46	63.819	-22.630	4.7 km	0.4	83.94	4.2 km ENE of Reykjanestá
05.11.2023	08:55:13	63.868	-22.501	1.5 km	0.3	90.03	4.3 km NW of Grindavík
05.11.2023	08:51:06	63.859	-22.621	6.4 km	0.8	90.04	7.7 km NNE of Reykjanestá
05.11.2023	08:50:35	63.858	-22.595	5.9 km	0.5	62.43	7.8 km WNW of Grindavík
05.11.2023	08:50:18	63.861	-22.668	1.1 km	0.1	55.25	7.0 km NNE of Reykjanestá
05.11.2023	08:47:29	63.851	-22.621	6.0 km	1.2	90.01	7.0 km NE of Reykjanestá
05.11.2023	08:46:31	63.855	-22.573	5.5 km	0.2	68.25	6.6 km WNW of Grindavík
05.11.2023	08:44:09	63.867	-22.619	5.5 km	0.1	54.44	8.5 km NNE of Reykjanestá
05.11.2023	08:43:29	63.853	-22.549	4.9 km	1.5	99.0	5.5 km WNW of Grindavík
05.11.2023	08:43:08	63.865	-22.538	4.3 km	1.3	90.05	5.5 km WNW of Grindavík
05.11.2023	08:42:32	63.864	-22.615	4.9 km	0.6	52.32	8.4 km NNE of Reykjanestá
05.11.2023	08:41:30	64.027	-23.409	1.1 km	0.6	55.01	34.4 km W of Sandgerði
05.11.2023	08:40:37	63.875	-22.502	4.5 km	0.5	90.03	5.0 km NW of Grindavík
05.11.2023	08:38:01	63.873	-22.494	4.3 km	2.1	99.0	4.6 km NNW of Grindavík
05.11.2023	08:36:45	63.882	-22.411	4.8 km	2.0	99.0	5.1 km NNE of Grindavík
05.11.2023	08:34:36	63.861	-22.589	4.8 km	1.6	90.04	7.6 km WNW of Grindavík
05.11.2023	08:33:24	63.859	-22.588	5.0 km	1.5	90.03	7.5 km WNW of Grindavík
05.11.2023	08:31:54	63.853	-22.575	4.6 km	1.1	83.32	6.7 km WNW of Grindavík
05.11.2023	08:31:15	64.023	-23.642	1.1 km	0.5	30.65	42.0 km NNW of Geirfuglasker
05.11.2023	08:30:25	63.804	-22.988	3.0 km	0.4	55.22	7.2 km NNW of Eldey
05.11.2023	08:30:09	63.825	-22.612	6.1 km	0.4	72.2	5.3 km ENE of Reykjanestá
05.11.2023	08:27:46	63.856	-22.585	4.2 km	1.8	99.0	7.2 km WNW of Grindavík
05.11.2023	08:26:21	63.862	-22.611	5.4 km	1.3	99.0	8.2 km NE of Reykjanestá
05.11.2023	08:25:06	63.860	-22.611	5.6 km	2.0	99.0	8.1 km NE of Reykjanestá
05.11.2023	08:24:24	63.900	-22.343	6.1 km	1.5	99.0	3.4 km W of Fagradalsfjall
05.11.2023	08:24:09	63.675	-23.146	1.1 km	1.4	79.73	3.9 km SE of Geirfuglasker
05.11.2023	08:23:33	63.874	-22.622	2.0 km	0.5	85.49	9.2 km NNE of Reykjanestá
05.11.2023	08:22:58	63.862	-22.608	5.0 km	0.2	90.02	8.4 km NE of Reykjanestá
05.11.2023	08:22:32	63.859	-22.619	5.0 km	1.7	99.0	7.8 km NNE of Reykjanestá
05.11.2023	08:22:32	63.855	-22.697	2.5 km	0.3	90.01	6.1 km N of Reykjanestá
05.11.2023	08:22:09	63.830	-22.956	1.1 km	0.7	33.1	9.9 km N of Eldey
05.11.2023	08:20:29	63.884	-22.438	4.2 km	1.6	99.0	5.0 km N of Grindavík
05.11.2023	08:19:57	63.861	-22.602	3.8 km	0.5	50.65	8.2 km WNW of Grindavík
05.11.2023	08:19:39	63.837	-22.526	5.0 km	1.4	99.0	4.1 km W of Grindavík
05.11.2023	08:19:04	63.869	-22.440	0.1 km	1.0	99.0	3.4 km N of Grindavík
05.11.2023	08:18:15	63.878	-22.441	6.5 km	1.0	99.0	4.4 km N of Grindavík
05.11.2023	08:17:19	63.857	-22.585	4.6 km	1.5	99.0	7.2 km WNW of Grindavík
05.11.2023	08:15:24	63.857	-22.590	4.0 km	0.5	88.9	7.5 km WNW of Grindavík
05.11.2023	08:14:48	63.891	-22.431	4.8 km	0.3	46.32	5.8 km N of Grindavík
05.11.2023	08:14:24	63.853	-22.595	4.9 km	2.7	99.0	7.6 km WNW of Grindavík
05.11.2023	08:13:20	63.845	-22.608	7.8 km	0.3	73.25	6.9 km NE of Reykjanestá
05.11.2023	08:12:37	63.863	-22.609	5.1 km	0.1	90.01	8.4 km NE of Reykjanestá
05.11.2023	08:12:07	63.857	-22.753	4.1 km	0.6	53.52	6.7 km NNW of Reykjanestá
05.11.2023	08:11:32	63.867	-22.445	3.5 km	2.3	99.0	3.2 km N of Grindavík
05.11.2023	08:11:14	63.905	-23.566	1.1 km	2.2	90.01	28.7 km NNW of Geirfugladrangur
05.11.2023	08:10:26	63.851	-22.597	4.8 km	2.4	99.0	7.7 km W of Grindavík
05.11.2023	08:09:57	63.843	-22.493	4.2 km	1.7	99.0	2.5 km W of Grindavík
05.11.2023	08:09:35	63.885	-22.412	3.6 km	0.5	99.0	5.4 km NNE of Grindavík
05.11.2023	08:08:30	63.858	-22.560	2.9 km	2.3	99.0	6.1 km WNW of Grindavík
05.11.2023	08:07:58	63.854	-22.622	6.1 km	0.8	59.83	7.2 km NE of Reykjanestá
05.11.2023	08:07:32	63.879	-22.435	3.2 km	0.6	90.02	4.5 km N of Grindavík
05.11.2023	08:06:43	63.857	-22.612	5.9 km	1.3	90.05	7.8 km NE of Reykjanestá
05.11.2023	08:06:27	63.861	-22.609	4.8 km	0.3	90.01	8.2 km NE of Reykjanestá
05.11.2023	08:05:58	63.840	-22.609	1.8 km	0.3	65.32	6.5 km NE of Reykjanestá
05.11.2023	08:05:15	63.861	-22.621	6.4 km	1.8	90.09	7.9 km NNE of Reykjanestá
05.11.2023	08:04:17	63.859	-22.529	5.0 km	2.2	90.08	4.8 km WNW of Grindavík
05.11.2023	08:03:31	63.861	-22.483	1.1 km	0.4	90.01	3.2 km NW of Grindavík
05.11.2023	08:03:03	63.859	-22.665	9.5 km	0.4	70.61	6.8 km NNE of Reykjanestá
05.11.2023	08:02:13	63.874	-22.458	2.7 km	0.3	90.01	4.0 km N of Grindavík
05.11.2023	08:01:25	63.847	-22.575	3.6 km	3.3	99.0	6.5 km W of Grindavík
05.11.2023	08:00:11	63.862	-22.615	6.0 km	0.3	77.2	8.2 km NNE of Reykjanestá
05.11.2023	07:59:41	63.887	-22.439	2.1 km	0.1	31.4	5.4 km N of Grindavík
05.11.2023	07:58:57	63.864	-22.582	3.4 km	0.4	51.77	7.4 km WNW of Grindavík
05.11.2023	07:57:16	63.848	-22.665	1.1 km	1.8	90.01	5.7 km NNE of Reykjanestá
05.11.2023	07:54:15	63.883	-22.425	4.8 km	1.3	90.03	5.0 km N of Grindavík
05.11.2023	07:53:45	63.878	-22.413	6.7 km	2.0	90.06	4.6 km NNE of Grindavík
05.11.2023	07:53:18	63.866	-22.624	4.0 km	0.4	90.02	8.3 km NNE of Reykjanestá
05.11.2023	07:52:10	63.854	-22.564	4.2 km	2.6	99.0	6.2 km WNW of Grindavík
05.11.2023	07:51:39	64.161	-22.760	9.9 km	2.3	67.29	14.1 km NNW of Sandgerði
05.11.2023	07:50:05	63.863	-22.608	2.8 km	0.9	90.01	8.5 km NE of Reykjanestá
05.11.2023	07:49:47	63.865	-22.443	3.0 km	0.5	90.04	2.9 km N of Grindavík
05.11.2023	07:48:36	63.861	-22.604	5.4 km	0.9	87.67	8.3 km WNW of Grindavík
05.11.2023	07:47:18	63.850	-22.568	4.9 km	0.7	37.64	6.3 km WNW of Grindavík
05.11.2023	07:45:23	63.868	-22.533	4.4 km	1.3	90.07	5.5 km NW of Grindavík
05.11.2023	07:44:36	63.673	-23.681	1.0 km	1.7	90.02	19.4 km W of Geirfugladrangur
05.11.2023	07:42:53	63.864	-22.448	3.8 km	0.9	90.05	2.8 km N of Grindavík
05.11.2023	07:42:19	63.716	-23.216	1.1 km	1.1	82.17	2.2 km N of Geirfuglasker
05.11.2023	07:41:32	63.873	-22.406	4.9 km	0.2	90.02	4.2 km NNE of Grindavík
05.11.2023	07:40:59	63.877	-22.419	0.3 km	0.8	90.02	4.4 km NNE of Grindavík
05.11.2023	07:38:02	63.868	-22.515	4.2 km	2.5	99.0	4.8 km NW of Grindavík
05.11.2023	07:37:37	63.868	-22.441	3.4 km	2.3	99.0	3.2 km N of Grindavík
05.11.2023	07:37:17	63.841	-23.354	1.8 km	1.4	44.69	17.6 km NNW of Geirfuglasker
05.11.2023	07:36:57	63.847	-22.568	0.8 km	1.1	90.02	6.2 km W of Grindavík
05.11.2023	07:36:05	63.852	-22.599	3.7 km	1.1	44.73	7.8 km NE of Reykjanestá
05.11.2023	07:35:28	63.858	-22.547	5.5 km	2.7	99.0	5.5 km WNW of Grindavík
05.11.2023	07:34:59	63.854	-22.559	1.1 km	0.3	90.01	5.9 km WNW of Grindavík
05.11.2023	07:33:45	63.848	-22.586	4.3 km	3.1	99.0	7.1 km W of Grindavík
05.11.2023	07:33:20	63.858	-22.541	3.1 km	1.8	90.05	5.3 km WNW of Grindavík
05.11.2023	07:32:50	63.840	-22.657	2.3 km	0.2	90.01	5.0 km NNE of Reykjanestá
05.11.2023	07:32:33	63.605	-22.838	1.1 km	1.6	33.44	15.8 km SSE of Eldeyjardrangur
05.11.2023	07:29:13	63.851	-22.595	5.1 km	1.2	90.03	7.6 km W of Grindavík
05.11.2023	07:28:43	63.862	-22.567	5.3 km	1.6	90.06	6.6 km WNW of Grindavík
05.11.2023	07:27:22	63.857	-22.566	5.8 km	1.7	90.03	6.4 km WNW of Grindavík
05.11.2023	07:26:56	64.747	-23.704	4.9 km	2.3	64.19	20.8 km SSE of Hellissandur
05.11.2023	07:26:27	63.830	-22.575	3.0 km	2.0	90.03	6.6 km W of Grindavík
05.11.2023	07:25:12	63.859	-22.564	5.1 km	3.7	99.0	6.3 km WNW of Grindavík
05.11.2023	07:24:45	63.853	-22.549	5.7 km	2.1	99.0	5.4 km WNW of Grindavík
05.11.2023	07:23:41	63.875	-22.601	5.7 km	1.4	90.03	8.7 km WNW of Grindavík
05.11.2023	07:22:55	63.874	-22.475	3.6 km	0.4	90.01	4.2 km NNW of Grindavík
05.11.2023	07:21:03	63.628	-23.810	1.1 km	2.8	90.03	15.3 km N of Eldeyjarboði
05.11.2023	07:20:34	63.942	-22.083	5.7 km	0.4	90.02	4.3 km E of Keilir
05.11.2023	07:20:25	63.891	-23.317	26.8 km	2.5	90.02	22.2 km NNW of Geirfuglasker
05.11.2023	07:19:36	63.831	-22.624	9.0 km	1.1	90.01	5.3 km NE of Reykjanestá
05.11.2023	07:18:24	63.838	-22.620	5.3 km	0.7	59.74	5.9 km NE of Reykjanestá
05.11.2023	07:16:59	63.847	-22.619	5.4 km	3.5	99.0	6.7 km NE of Reykjanestá
05.11.2023	07:16:16	63.855	-22.561	5.0 km	1.5	90.04	6.1 km WNW of Grindavík
05.11.2023	07:15:33	63.844	-22.627	5.8 km	2.2	90.08	6.2 km NE of Reykjanestá
05.11.2023	07:14:14	63.862	-22.620	5.2 km	1.2	90.04	8.0 km NNE of Reykjanestá
05.11.2023	07:13:38	63.773	-23.239	1.1 km	1.7	90.01	8.6 km N of Geirfuglasker
05.11.2023	07:13:22	63.833	-22.637	4.2 km	0.9	90.01	5.0 km NE of Reykjanestá
05.11.2023	07:12:04	63.855	-22.500	3.8 km	1.6	90.04	3.3 km WNW of Grindavík
05.11.2023	07:12:00	63.852	-22.566	1.1 km	1.2	90.05	6.2 km WNW of Grindavík
05.11.2023	07:11:35	63.830	-22.585	2.9 km	0.3	90.02	6.8 km ENE of Reykjanestá
05.11.2023	07:10:52	63.841	-23.630	1.1 km	1.1	90.01	24.7 km NW of Geirfugladrangur
05.11.2023	07:10:13	63.862	-22.545	1.1 km	0.1	89.91	5.6 km WNW of Grindavík
05.11.2023	07:09:51	63.847	-22.529	1.1 km	0.9	90.01	4.3 km WNW of Grindavík
05.11.2023	07:09:45	63.707	-23.206	1.1 km	2.1	90.01	1.1 km N of Geirfuglasker
05.11.2023	07:09:20	63.869	-22.494	2.5 km	1.3	90.03	4.2 km NW of Grindavík
05.11.2023	07:08:40	63.855	-22.541	2.7 km	2.7	99.0	5.1 km WNW of Grindavík
05.11.2023	07:07:47	63.868	-22.468	2.6 km	0.3	90.02	3.5 km NNW of Grindavík
05.11.2023	07:06:17	63.876	-22.489	3.2 km	0.6	90.03	4.7 km NNW of Grindavík
05.11.2023	07:05:15	63.867	-22.465	3.2 km	0.5	90.02	3.3 km NNW of Grindavík
05.11.2023	07:04:22	63.569	-23.352	5.2 km	1.1	30.19	12.6 km SSW of Geirfugladrangur
05.11.2023	07:03:43	63.865	-22.493	4.3 km	2.9	99.0	3.8 km NW of Grindavík
05.11.2023	07:03:08	63.862	-22.537	5.2 km	0.4	90.02	5.3 km WNW of Grindavík
05.11.2023	07:01:54	63.857	-22.501	1.1 km	0.1	90.01	3.5 km NW of Grindavík
05.11.2023	07:00:44	63.874	-22.506	3.6 km	3.1	90.06	5.0 km NW of Grindavík
05.11.2023	07:00:07	63.864	-22.497	3.4 km	1.0	90.02	3.9 km NW of Grindavík
05.11.2023	06:59:17	63.872	-22.496	3.5 km	1.4	90.07	4.5 km NW of Grindavík
05.11.2023	06:58:57	63.765	-23.031	5.1 km	1.6	30.61	4.4 km NNW of Eldeyjardrangur
05.11.2023	06:58:28	63.847	-22.466	1.1 km	0.1	44.07	1.5 km NW of Grindavík
05.11.2023	06:57:49	63.884	-22.545	0.7 km	2.4	90.06	7.1 km NW of Grindavík
05.11.2023	06:57:17	63.364	-23.904	1.1 km	1.9	90.03	14.8 km SSW of Eldeyjarboði
05.11.2023	06:55:55	63.823	-22.604	1.1 km	0.1	80.48	5.6 km ENE of Reykjanestá
05.11.2023	06:55:04	63.687	-23.783	1.1 km	2.4	70.69	21.9 km N of Eldeyjarboði
05.11.2023	06:54:37	63.842	-22.625	4.0 km	1.8	90.04	6.1 km NE of Reykjanestá
05.11.2023	06:54:02	63.870	-22.478	1.6 km	0.1	90.01	3.9 km NNW of Grindavík
05.11.2023	06:53:43	63.819	-22.647	4.5 km	1.4	43.48	3.5 km NE of Reykjanestá
05.11.2023	06:53:11	63.843	-22.625	4.8 km	2.6	90.07	6.2 km NE of Reykjanestá
05.11.2023	06:52:49	63.865	-22.505	9.5 km	1.2	90.03	4.2 km NW of Grindavík
05.11.2023	06:52:25	63.844	-22.623	3.8 km	1.5	90.03	6.3 km NE of Reykjanestá
05.11.2023	06:51:42	63.845	-22.624	3.5 km	1.2	81.51	6.4 km NE of Reykjanestá
05.11.2023	06:51:10	63.837	-22.613	5.8 km	1.3	90.01	6.1 km NE of Reykjanestá
05.11.2023	06:51:01	63.657	-23.719	1.1 km	1.7	90.01	19.0 km NNE of Eldeyjarboði
05.11.2023	06:49:57	63.864	-22.466	4.7 km	1.2	90.05	3.0 km NNW of Grindavík
05.11.2023	06:49:22	63.825	-22.475	1.1 km	0.1	40.51	2.2 km SW of Grindavík
05.11.2023	06:48:12	63.859	-22.588	1.1 km	0.5	90.01	7.5 km WNW of Grindavík
05.11.2023	06:47:22	63.865	-22.457	2.8 km	0.6	90.02	3.0 km NNW of Grindavík
05.11.2023	06:46:51	63.860	-22.564	6.3 km	1.4	90.07	6.4 km WNW of Grindavík
05.11.2023	06:45:38	63.852	-22.569	5.3 km	1.4	90.02	6.4 km WNW of Grindavík
05.11.2023	06:45:11	63.869	-22.464	3.1 km	0.9	90.04	3.5 km NNW of Grindavík
05.11.2023	06:44:32	63.842	-22.570	5.9 km	0.7	90.02	6.2 km W of Grindavík
05.11.2023	06:43:54	63.453	-24.143	32.7 km	2.6	90.01	17.2 km WSW of Eldeyjarboði
05.11.2023	06:43:48	63.775	-22.822	14.3 km	1.5	90.01	6.4 km WSW of Reykjanestá
05.11.2023	06:43:30	63.850	-22.562	2.7 km	1.7	90.04	6.0 km WNW of Grindavík
05.11.2023	06:43:02	63.851	-22.573	5.4 km	1.7	90.05	6.5 km WNW of Grindavík
05.11.2023	06:42:37	63.848	-22.577	4.6 km	1.2	90.02	6.7 km W of Grindavík
05.11.2023	06:41:39	63.851	-22.520	2.8 km	0.2	90.01	4.0 km WNW of Grindavík
05.11.2023	06:41:38	63.821	-22.344	9.1 km	1.7	90.01	5.2 km ESE of Grindavík
05.11.2023	06:39:52	63.863	-22.551	0.3 km	1.7	90.06	5.9 km WNW of Grindavík
05.11.2023	06:39:31	64.128	-23.760	1.1 km	2.0	90.01	52.4 km WNW of Sandgerði
05.11.2023	06:39:31	63.933	-22.826	5.3 km	1.3	90.02	13.0 km SSW of Sandgerði
05.11.2023	06:38:39	64.627	-23.552	1.1 km	2.7	53.27	36.0 km SSE of Hellissandur
05.11.2023	06:37:33	63.849	-22.555	4.1 km	1.5	70.88	5.6 km WNW of Grindavík
05.11.2023	06:37:18	63.851	-22.593	5.1 km	1.0	90.01	7.5 km W of Grindavík
05.11.2023	06:36:44	63.843	-22.590	3.4 km	1.8	90.02	7.2 km W of Grindavík
05.11.2023	06:35:39	63.853	-22.547	4.9 km	1.3	90.04	5.3 km WNW of Grindavík
05.11.2023	06:35:16	63.397	-22.029	6.0 km	1.5	33.26	53.2 km SSE of Grindavík
05.11.2023	06:34:38	63.868	-22.561	3.5 km	1.9	90.02	6.6 km WNW of Grindavík
05.11.2023	06:34:34	63.855	-22.584	5.2 km	0.6	90.01	7.2 km WNW of Grindavík
05.11.2023	06:33:55	63.867	-22.456	3.8 km	0.4	90.02	3.2 km NNW of Grindavík
05.11.2023	06:32:21	63.794	-22.552	1.7 km	0.4	90.01	7.3 km SW of Grindavík
05.11.2023	06:32:05	63.819	-22.610	4.9 km	0.2	90.01	5.1 km ENE of Reykjanestá
05.11.2023	06:31:02	63.942	-22.150	9.8 km	1.7	90.06	1.1 km E of Keilir
05.11.2023	06:30:07	63.868	-22.536	2.7 km	0.4	77.52	5.6 km NW of Grindavík
05.11.2023	06:29:31	63.862	-22.456	1.1 km	0.3	62.48	2.7 km NNW of Grindavík
05.11.2023	06:29:07	63.869	-22.568	3.0 km	0.5	72.0	7.0 km WNW of Grindavík
05.11.2023	06:28:48	63.857	-22.550	2.5 km	0.4	55.23	5.6 km WNW of Grindavík
05.11.2023	06:28:13	63.855	-22.492	3.5 km	1.7	90.04	3.0 km NW of Grindavík
05.11.2023	06:27:52	63.770	-23.951	27.8 km	2.4	90.01	31.9 km NNW of Eldeyjarboði
05.11.2023	06:27:43	63.862	-22.472	3.6 km	2.0	90.02	2.9 km NNW of Grindavík
05.11.2023	06:27:05	63.863	-22.597	1.2 km	0.5	65.72	8.0 km WNW of Grindavík
05.11.2023	06:26:42	63.848	-22.564	3.2 km	1.0	90.01	6.0 km W of Grindavík
05.11.2023	06:26:13	63.855	-22.579	1.4 km	1.3	83.84	6.9 km WNW of Grindavík
05.11.2023	06:25:58	63.864	-22.594	1.1 km	1.4	90.01	7.9 km WNW of Grindavík
05.11.2023	06:24:21	63.861	-22.557	5.3 km	3.0	99.0	6.2 km WNW of Grindavík
05.11.2023	06:21:30	63.854	-22.549	2.7 km	0.1	36.7	5.5 km WNW of Grindavík
05.11.2023	06:19:43	63.843	-22.598	4.3 km	1.1	90.04	7.1 km NE of Reykjanestá
05.11.2023	06:18:04	63.860	-22.568	2.6 km	1.5	90.03	6.6 km WNW of Grindavík
05.11.2023	06:16:02	63.873	-22.496	1.7 km	0.1	89.18	4.6 km NW of Grindavík
05.11.2023	06:15:42	63.782	-23.043	13.2 km	0.6	30.0	6.2 km NW of Eldey
05.11.2023	06:14:59	63.850	-22.560	8.0 km	2.2	90.06	5.9 km WNW of Grindavík
05.11.2023	06:14:37	64.401	-23.567	1.1 km	2.1	90.02	58.2 km NW of Sandgerði
05.11.2023	06:13:31	63.846	-22.585	4.0 km	3.5	99.0	7.0 km W of Grindavík
05.11.2023	06:12:53	63.853	-22.575	1.1 km	0.4	90.02	6.7 km WNW of Grindavík
05.11.2023	06:12:05	63.873	-22.473	1.1 km	2.3	90.07	4.1 km NNW of Grindavík
05.11.2023	06:10:43	63.858	-22.557	4.5 km	3.9	99.0	6.0 km WNW of Grindavík
05.11.2023	06:10:11	63.858	-22.545	0.8 km	1.3	90.01	5.4 km WNW of Grindavík
05.11.2023	06:09:51	63.872	-22.523	1.1 km	1.1	90.03	5.4 km NW of Grindavík
05.11.2023	06:09:24	63.862	-22.563	0.6 km	1.8	90.03	6.4 km WNW of Grindavík
05.11.2023	06:08:32	63.877	-22.517	1.2 km	0.3	90.01	5.6 km NW of Grindavík
05.11.2023	06:07:55	63.877	-23.397	1.1 km	1.3	81.53	22.1 km NNW of Geirfuglasker
05.11.2023	06:07:22	63.861	-22.463	1.1 km	0.4	90.01	2.7 km NNW of Grindavík
05.11.2023	06:07:04	63.870	-22.515	1.6 km	0.4	90.01	5.0 km NW of Grindavík
05.11.2023	06:06:31	63.847	-22.568	2.8 km	3.4	99.0	6.2 km W of Grindavík
05.11.2023	06:05:36	63.838	-22.557	4.8 km	2.6	90.06	5.6 km W of Grindavík
05.11.2023	06:05:14	63.859	-22.567	1.2 km	1.1	83.61	6.5 km WNW of Grindavík
05.11.2023	06:04:10	63.847	-22.550	1.1 km	1.2	90.05	5.3 km W of Grindavík
05.11.2023	06:03:37	63.869	-22.532	3.5 km	1.7	90.01	5.5 km NW of Grindavík
05.11.2023	06:02:16	63.874	-22.449	2.8 km	0.1	90.01	3.9 km N of Grindavík
05.11.2023	06:01:29	63.848	-22.574	1.1 km	1.6	90.02	6.5 km W of Grindavík
05.11.2023	06:00:48	63.859	-22.513	1.1 km	0.3	78.42	4.1 km WNW of Grindavík
05.11.2023	06:00:17	63.862	-22.473	1.1 km	0.2	31.48	3.0 km NNW of Grindavík
05.11.2023	05:59:59	63.850	-22.567	3.3 km	1.7	90.04	6.2 km WNW of Grindavík
05.11.2023	05:59:24	63.907	-22.567	7.4 km	0.6	51.86	9.7 km NW of Grindavík
05.11.2023	05:59:03	63.858	-22.609	4.0 km	1.8	90.04	8.0 km NE of Reykjanestá
05.11.2023	05:57:54	63.854	-22.518	0.4 km	2.6	90.08	4.1 km WNW of Grindavík
05.11.2023	05:57:23	63.867	-22.499	4.5 km	2.4	99.0	4.1 km NW of Grindavík
05.11.2023	05:57:01	63.794	-22.632	1.1 km	1.5	30.09	3.7 km E of Reykjanestá
05.11.2023	05:56:30	63.855	-22.576	5.1 km	1.6	90.06	6.8 km WNW of Grindavík
05.11.2023	05:56:10	63.867	-22.546	3.1 km	0.7	77.0	5.9 km WNW of Grindavík
05.11.2023	05:55:50	63.870	-22.519	1.1 km	0.7	90.01	5.1 km NW of Grindavík
05.11.2023	05:54:53	64.356	-22.848	1.1 km	2.8	90.01	36.1 km N of Sandgerði
05.11.2023	05:54:42	63.882	-22.544	1.1 km	1.0	90.01	6.9 km NW of Grindavík
05.11.2023	05:53:56	63.859	-22.529	0.3 km	2.7	90.03	4.8 km WNW of Grindavík
05.11.2023	05:53:21	63.856	-22.491	4.0 km	1.5	60.5	3.0 km NW of Grindavík
05.11.2023	05:52:39	63.850	-22.561	3.3 km	4.2	99.0	5.9 km WNW of Grindavík
05.11.2023	05:51:56	63.170	-23.979	1.1 km	1.9	73.77	36.6 km SSW of Eldeyjarboði
05.11.2023	05:51:09	63.866	-22.542	1.3 km	2.0	30.69	5.7 km WNW of Grindavík
05.11.2023	05:50:25	63.702	-19.629	1.1 km	1.5	40.74	7.8 km WNW of Básar
05.11.2023	05:50:04	63.855	-22.551	2.3 km	3.8	99.0	5.6 km WNW of Grindavík
05.11.2023	05:49:43	63.870	-22.533	3.5 km	2.8	99.0	5.6 km NW of Grindavík
05.11.2023	05:49:02	63.872	-22.520	1.2 km	0.2	90.02	5.3 km NW of Grindavík
05.11.2023	05:48:32	63.858	-22.566	4.0 km	1.6	90.01	6.4 km WNW of Grindavík
05.11.2023	05:48:16	64.734	-23.963	4.3 km	3.0	41.29	20.6 km S of Hellissandur
05.11.2023	05:47:39	63.878	-22.538	4.2 km	1.9	90.03	6.4 km NW of Grindavík
05.11.2023	05:47:24	63.866	-22.547	2.6 km	0.2	90.01	5.9 km WNW of Grindavík
05.11.2023	05:46:30	64.008	-23.458	1.1 km	1.8	36.18	36.7 km NNW of Geirfuglasker
05.11.2023	05:45:18	63.869	-22.536	3.1 km	3.5	99.0	5.6 km NW of Grindavík
05.11.2023	05:44:57	63.856	-22.553	4.3 km	2.9	90.01	5.7 km WNW of Grindavík
05.11.2023	05:44:32	63.850	-22.502	1.1 km	2.2	79.82	3.2 km WNW of Grindavík
05.11.2023	05:43:55	63.872	-22.562	1.1 km	0.8	51.95	6.9 km WNW of Grindavík
05.11.2023	05:43:19	63.858	-22.567	2.9 km	3.1	99.0	6.4 km WNW of Grindavík
05.11.2023	05:42:09	63.859	-22.531	3.6 km	3.5	99.0	4.9 km WNW of Grindavík
05.11.2023	05:40:51	63.864	-22.529	3.2 km	1.7	90.04	5.1 km WNW of Grindavík
05.11.2023	05:40:07	63.796	-22.451	1.1 km	1.7	66.02	4.8 km S of Grindavík
05.11.2023	05:39:07	63.863	-22.533	2.5 km	0.9	90.03	5.2 km WNW of Grindavík
05.11.2023	05:38:37	63.852	-22.560	2.3 km	0.9	90.01	5.9 km WNW of Grindavík
05.11.2023	05:37:56	63.850	-22.557	3.6 km	1.2	90.02	5.7 km WNW of Grindavík
05.11.2023	05:37:55	63.835	-22.618	1.1 km	1.2	90.01	5.8 km NE of Reykjanestá
05.11.2023	05:36:43	63.858	-22.533	2.8 km	2.6	99.0	4.9 km WNW of Grindavík
05.11.2023	05:35:32	64.015	-23.610	5.5 km	2.4	82.06	40.5 km NNW of Geirfuglasker
05.11.2023	05:34:27	63.848	-22.572	4.6 km	2.4	90.01	6.4 km W of Grindavík
05.11.2023	05:33:49	63.861	-22.559	2.5 km	3.0	99.0	6.2 km WNW of Grindavík
05.11.2023	05:33:04	63.853	-22.556	1.2 km	3.4	99.0	5.8 km WNW of Grindavík
05.11.2023	05:32:03	63.851	-22.550	2.7 km	2.6	99.0	5.4 km WNW of Grindavík
05.11.2023	05:31:45	63.868	-22.518	1.3 km	0.1	86.32	4.9 km NW of Grindavík
05.11.2023	05:31:12	63.899	-22.201	5.2 km	2.6	90.01	3.6 km E of Fagradalsfjall
05.11.2023	05:31:09	63.851	-22.511	1.3 km	0.6	90.02	3.6 km WNW of Grindavík
05.11.2023	05:30:39	63.839	-22.557	1.1 km	0.3	34.07	5.6 km W of Grindavík
05.11.2023	05:29:15	63.871	-22.612	4.2 km	3.8	54.6	9.0 km WNW of Grindavík
05.11.2023	05:28:39	63.855	-22.558	3.3 km	1.4	71.97	5.9 km WNW of Grindavík
05.11.2023	05:28:18	63.856	-22.549	3.5 km	3.5	99.0	5.6 km WNW of Grindavík
05.11.2023	05:28:00	63.962	-22.711	1.1 km	0.9	46.13	8.3 km S of Sandgerði
05.11.2023	05:25:42	63.875	-22.550	2.1 km	2.0	80.12	6.6 km NW of Grindavík
05.11.2023	05:25:19	63.857	-22.541	4.8 km	2.6	99.0	5.2 km WNW of Grindavík
05.11.2023	05:23:42	63.856	-22.541	5.0 km	2.8	99.0	5.1 km WNW of Grindavík
05.11.2023	05:23:26	63.860	-22.550	3.4 km	1.5	90.02	5.8 km WNW of Grindavík
05.11.2023	05:22:43	63.483	-23.500	5.2 km	2.6	34.72	15.2 km E of Eldeyjarboði
05.11.2023	05:22:05	63.274	-23.979	6.0 km	2.7	62.38	25.5 km SSW of Eldeyjarboði
05.11.2023	05:21:15	63.856	-22.534	4.9 km	3.7	99.0	4.8 km WNW of Grindavík
05.11.2023	05:20:59	63.859	-22.553	3.6 km	1.2	90.01	5.8 km WNW of Grindavík
05.11.2023	05:20:39	63.868	-22.531	1.8 km	0.6	90.04	5.4 km NW of Grindavík
05.11.2023	05:20:18	63.868	-22.541	9.7 km	0.2	77.79	5.8 km NW of Grindavík
05.11.2023	05:19:38	63.855	-22.553	4.3 km	2.1	90.08	5.7 km WNW of Grindavík
05.11.2023	05:18:59	63.788	-24.222	1.1 km	3.0	59.22	38.9 km NNW of Eldeyjarboði
05.11.2023	05:18:33	63.904	-23.695	5.7 km	1.8	30.95	32.1 km NW of Geirfugladrangur
05.11.2023	05:17:50	63.873	-22.545	4.5 km	2.3	90.06	6.3 km NW of Grindavík
05.11.2023	05:16:46	63.876	-22.521	1.2 km	1.0	74.28	5.6 km NW of Grindavík
05.11.2023	05:15:36	63.809	-23.532	1.1 km	3.2	65.89	18.9 km NW of Geirfugladrangur
05.11.2023	05:15:09	63.859	-22.536	5.0 km	3.6	99.0	5.1 km WNW of Grindavík
05.11.2023	05:12:44	63.855	-22.545	5.6 km	2.8	90.08	5.3 km WNW of Grindavík
05.11.2023	04:41:56	63.869	-22.383	4.6 km	0.7	90.04	4.4 km NE of Grindavík
05.11.2023	04:31:26	63.844	-22.480	3.9 km	1.7	90.05	1.9 km WNW of Grindavík
05.11.2023	04:28:07	63.575	-23.118	1.1 km	1.7	38.94	14.2 km SE of Geirfugladrangur
05.11.2023	04:27:44	63.864	-22.597	5.7 km	1.0	90.01	8.1 km WNW of Grindavík
05.11.2023	04:20:55	63.868	-22.383	3.2 km	1.1	90.03	4.4 km NE of Grindavík
05.11.2023	04:20:11	63.873	-22.395	5.0 km	1.0	99.0	4.4 km NNE of Grindavík
05.11.2023	04:18:15	63.874	-22.433	4.1 km	1.3	99.0	4.0 km N of Grindavík
05.11.2023	04:16:25	63.901	-22.382	5.6 km	0.7	99.0	5.3 km W of Fagradalsfjall
05.11.2023	04:15:37	63.885	-22.421	1.2 km	0.4	99.0	5.2 km NNE of Grindavík
05.11.2023	04:14:19	63.883	-22.423	1.8 km	0.3	99.0	5.0 km N of Grindavík
05.11.2023	04:09:52	66.373	-17.541	6.1 km	1.5	54.05	26.6 km NNE of Flatey
05.11.2023	04:06:41	63.866	-22.599	4.1 km	0.4	90.01	8.2 km WNW of Grindavík
05.11.2023	04:05:02	63.881	-22.424	4.8 km	1.9	99.0	4.8 km N of Grindavík
05.11.2023	03:51:29	63.898	-22.342	5.4 km	0.4	90.02	3.4 km W of Fagradalsfjall
05.11.2023	03:30:05	63.508	-22.700	18.9 km	1.0	72.06	28.5 km SSE of Eldeyjardrangur
05.11.2023	02:49:35	63.698	-22.720	1.1 km	0.3	35.0	11.4 km S of Reykjanestá
05.11.2023	02:42:46	63.881	-22.426	4.6 km	0.9	90.02	4.8 km N of Grindavík
05.11.2023	02:36:18	63.880	-22.422	3.9 km	1.0	90.03	4.7 km NNE of Grindavík
05.11.2023	02:34:48	63.876	-22.430	4.6 km	0.1	90.02	4.2 km N of Grindavík
05.11.2023	02:32:06	63.915	-19.413	1.1 km	1.3	41.28	10.9 km NW of Álftavatn
05.11.2023	02:31:47	63.877	-22.425	4.7 km	3.1	99.0	4.3 km NNE of Grindavík
05.11.2023	02:26:54	63.769	-22.414	14.9 km	0.4	90.01	7.9 km S of Grindavík
05.11.2023	02:26:24	63.866	-22.489	2.3 km	1.4	90.02	3.8 km NW of Grindavík
05.11.2023	02:25:36	63.447	-24.198	5.4 km	1.8	33.53	20.1 km WSW of Eldeyjarboði
05.11.2023	02:24:22	63.880	-22.429	4.1 km	0.6	90.02	4.6 km N of Grindavík
05.11.2023	02:22:30	63.880	-22.422	4.6 km	1.7	90.06	4.7 km NNE of Grindavík
05.11.2023	02:20:46	63.880	-22.425	4.6 km	2.0	99.0	4.6 km N of Grindavík
05.11.2023	02:17:19	63.883	-22.411	3.3 km	1.6	99.0	5.1 km NNE of Grindavík
05.11.2023	02:16:39	63.877	-22.425	5.0 km	3.3	99.0	4.4 km N of Grindavík
05.11.2023	02:07:01	63.874	-22.439	2.3 km	0.8	90.03	3.9 km N of Grindavík
05.11.2023	01:45:57	63.876	-22.403	4.1 km	1.0	99.0	4.6 km NNE of Grindavík
05.11.2023	01:45:14	63.876	-22.404	4.5 km	1.0	99.0	4.6 km NNE of Grindavík
05.11.2023	01:44:17	63.878	-22.406	2.6 km	0.4	99.0	4.7 km NNE of Grindavík
05.11.2023	01:29:02	63.854	-22.440	3.7 km	1.2	99.0	1.7 km N of Grindavík
05.11.2023	01:25:02	63.883	-22.385	3.4 km	0.8	99.0	5.6 km NNE of Grindavík
05.11.2023	01:24:33	63.874	-22.395	5.5 km	1.3	99.0	4.6 km NNE of Grindavík
05.11.2023	01:04:38	63.855	-22.441	4.7 km	1.8	99.0	1.7 km N of Grindavík
05.11.2023	01:01:54	63.882	-22.395	4.0 km	0.8	99.0	5.3 km NNE of Grindavík
05.11.2023	00:50:06	63.829	-22.562	4.5 km	0.2	37.98	5.9 km W of Grindavík
05.11.2023	00:48:15	63.862	-22.417	4.3 km	1.2	99.0	2.9 km NNE of Grindavík
05.11.2023	00:40:41	63.577	-23.084	4.1 km	1.3	79.16	14.6 km SSE of Geirfuglasker
05.11.2023	00:36:43	63.882	-22.367	5.7 km	0.2	90.01	5.1 km WSW of Fagradalsfjall
05.11.2023	00:14:14	63.953	-21.749	7.1 km	0.7	99.0	6.0 km SW of Bláfjallaskáli
05.11.2023	00:07:57	63.847	-22.500	2.7 km	0.1	99.0	3.0 km WNW of Grindavík
05.11.2023	00:04:50	63.856	-22.448	4.5 km	2.2	99.0	1.9 km N of Grindavík
05.11.2023	00:04:20	63.840	-22.520	5.2 km	3.6	50.5	3.8 km W of Grindavík
06.11.2023	23:27:49	63.847	-22.574	6.1 km	0.5	70.39	6.5 km W of Grindavík
06.11.2023	23:19:05	63.800	-22.612	1.1 km	0.1	38.5	4.6 km E of Reykjanestá
06.11.2023	23:18:44	63.875	-22.531	4.1 km	1.4	54.97	5.9 km NW of Grindavík
06.11.2023	23:06:08	63.859	-22.435	5.4 km	0.3	90.01	2.3 km N of Grindavík
06.11.2023	22:56:05	63.966	-20.158	7.2 km	0.1	47.13	9.6 km SSE of Árnes
06.11.2023	22:42:06	63.925	-22.102	6.7 km	0.1	90.01	3.9 km ESE of Keilir
06.11.2023	22:00:19	66.282	-18.622	6.1 km	1.3	41.37	20.0 km NW of Gjögurtá
06.11.2023	21:50:43	63.874	-22.481	3.1 km	0.1	90.01	4.3 km NNW of Grindavík
06.11.2023	21:43:54	63.854	-22.446	5.2 km	0.7	90.02	1.7 km N of Grindavík
06.11.2023	21:27:59	63.953	-21.728	4.8 km	0.4	90.01	5.2 km SW of Bláfjallaskáli
06.11.2023	20:46:34	63.850	-22.570	6.2 km	0.5	90.01	6.4 km WNW of Grindavík
06.11.2023	20:16:17	63.852	-22.610	6.1 km	0.4	90.03	7.4 km NE of Reykjanestá
06.11.2023	20:03:24	63.861	-22.429	4.0 km	0.3	90.01	2.6 km NNE of Grindavík
06.11.2023	20:01:25	63.766	-22.845	13.2 km	0.3	54.32	6.2 km ENE of Eldey
06.11.2023	18:48:22	63.609	-22.590	1.1 km	1.6	30.18	22.0 km SSE of Reykjanestá
06.11.2023	18:40:24	63.940	-21.370	6.5 km	3.5	50.5	1.3 km E of Raufarhólshellir
06.11.2023	18:27:44	63.849	-22.549	5.6 km	0.9	90.03	5.3 km WNW of Grindavík
06.11.2023	18:21:42	63.875	-22.434	4.2 km	1.0	90.03	4.0 km N of Grindavík
06.11.2023	17:41:55	63.886	-22.448	4.5 km	1.4	90.06	5.2 km N of Grindavík
06.11.2023	17:31:42	63.994	-19.689	0.2 km	1.4	99.0	1.1 km WNW of Hekla
06.11.2023	17:23:12	63.834	-22.654	7.0 km	0.2	41.79	4.5 km NE of Reykjanestá
06.11.2023	17:10:38	63.850	-22.553	5.0 km	0.9	90.02	5.5 km WNW of Grindavík
06.11.2023	17:09:55	63.832	-22.652	6.9 km	0.5	90.01	4.4 km NE of Reykjanestá
06.11.2023	17:07:09	63.836	-22.651	6.0 km	0.2	80.36	4.8 km NE of Reykjanestá
06.11.2023	16:56:11	63.837	-22.655	6.8 km	2.7	99.0	4.8 km NNE of Reykjanestá
06.11.2023	16:55:29	63.853	-22.545	5.2 km	1.4	99.0	5.3 km WNW of Grindavík
06.11.2023	16:46:37	63.889	-22.379	5.3 km	0.6	99.0	5.3 km WSW of Fagradalsfjall
06.11.2023	16:44:44	63.883	-22.383	5.3 km	1.6	99.0	5.7 km NNE of Grindavík
06.11.2023	16:37:08	63.850	-22.434	3.1 km	0.9	99.0	1.3 km NNE of Grindavík
06.11.2023	16:26:23	63.900	-22.381	5.6 km	1.4	99.0	5.2 km W of Fagradalsfjall
06.11.2023	16:22:16	63.898	-22.383	5.9 km	1.2	99.0	5.3 km W of Fagradalsfjall
06.11.2023	16:21:18	63.852	-22.447	4.7 km	0.8	99.0	1.4 km N of Grindavík
06.11.2023	16:18:57	63.877	-22.404	2.9 km	0.7	99.0	4.7 km NNE of Grindavík
06.11.2023	16:18:12	63.888	-22.381	5.1 km	0.7	99.0	5.5 km WSW of Fagradalsfjall
06.11.2023	16:15:52	63.892	-22.374	5.3 km	0.8	99.0	5.0 km WSW of Fagradalsfjall
06.11.2023	16:07:48	63.882	-22.392	5.2 km	0.7	99.0	5.4 km NNE of Grindavík
06.11.2023	16:07:04	65.114	-16.438	6.8 km	0.4	99.0	3.8 km NW of Herðubreiðartögl
06.11.2023	16:02:59	63.883	-22.383	5.6 km	0.4	99.0	5.7 km NNE of Grindavík
06.11.2023	16:02:32	63.882	-22.387	5.5 km	1.3	99.0	5.5 km NNE of Grindavík
06.11.2023	16:00:13	63.859	-22.441	1.0 km	2.3	99.0	2.2 km N of Grindavík
06.11.2023	15:59:25	63.633	-19.268	0.8 km	0.8	99.0	1.1 km SW of Goðabunga
06.11.2023	15:58:51	63.853	-22.429	4.9 km	0.9	99.0	1.7 km NNE of Grindavík
06.11.2023	15:56:14	63.823	-22.451	6.2 km	0.3	99.0	1.8 km SSW of Grindavík
06.11.2023	15:51:28	63.878	-22.382	3.1 km	0.0	99.0	5.3 km NE of Grindavík
06.11.2023	15:50:40	63.888	-22.369	6.4 km	1.2	99.0	4.9 km WSW of Fagradalsfjall
06.11.2023	15:09:09	63.883	-22.386	5.1 km	0.7	90.04	5.6 km NNE of Grindavík
06.11.2023	15:03:14	63.852	-22.634	6.1 km	1.6	99.0	6.8 km NNE of Reykjanestá
06.11.2023	14:57:52	63.878	-22.408	3.0 km	0.2	99.0	4.6 km NNE of Grindavík
06.11.2023	14:56:32	63.848	-22.552	5.0 km	0.1	99.0	5.4 km W of Grindavík
06.11.2023	14:54:45	63.884	-22.378	1.1 km	0.4	99.0	5.5 km WSW of Fagradalsfjall
06.11.2023	14:54:28	63.880	-22.427	2.2 km	0.2	99.0	4.6 km N of Grindavík
06.11.2023	14:53:10	63.874	-22.407	0.1 km	0.5	99.0	4.2 km NNE of Grindavík
06.11.2023	14:52:37	63.880	-22.405	4.0 km	1.0	99.0	4.9 km NNE of Grindavík
06.11.2023	14:46:10	63.859	-22.425	5.3 km	0.5	99.0	2.4 km NNE of Grindavík
06.11.2023	14:45:20	63.902	-22.419	5.8 km	0.9	99.0	7.1 km W of Fagradalsfjall
06.11.2023	14:42:27	63.929	-22.031	3.9 km	0.8	99.0	4.9 km NNE of Krýsuvík
06.11.2023	14:39:57	63.863	-22.414	4.4 km	0.7	99.0	3.0 km NNE of Grindavík
06.11.2023	14:38:33	63.855	-22.414	5.6 km	0.8	99.0	2.3 km NE of Grindavík
06.11.2023	14:37:31	63.867	-22.441	0.1 km	0.8	99.0	3.2 km N of Grindavík
06.11.2023	14:35:44	63.844	-22.459	2.4 km	0.8	99.0	1.0 km NW of Grindavík
06.11.2023	14:34:05	63.857	-22.441	1.5 km	1.0	90.04	2.0 km N of Grindavík
06.11.2023	14:32:27	63.862	-22.455	0.1 km	0.3	99.0	2.7 km NNW of Grindavík
06.11.2023	14:23:21	63.860	-22.430	3.5 km	0.8	99.0	2.4 km NNE of Grindavík
06.11.2023	14:22:01	63.855	-22.602	5.4 km	1.4	99.0	7.9 km NE of Reykjanestá
06.11.2023	14:21:31	63.863	-22.454	0.1 km	0.9	99.0	2.8 km NNW of Grindavík
06.11.2023	14:20:26	63.859	-22.454	0.1 km	0.6	99.0	2.3 km NNW of Grindavík
06.11.2023	14:17:54	63.877	-22.393	4.5 km	0.6	99.0	4.8 km NNE of Grindavík
06.11.2023	14:16:47	63.870	-22.413	2.1 km	0.1	99.0	3.7 km NNE of Grindavík
06.11.2023	14:15:03	63.858	-22.479	0.1 km	0.4	99.0	2.8 km NW of Grindavík
06.11.2023	14:11:33	63.866	-22.404	4.4 km	0.7	99.0	3.6 km NNE of Grindavík
06.11.2023	14:10:59	63.903	-22.369	4.8 km	0.9	99.0	4.7 km W of Fagradalsfjall
06.11.2023	14:10:33	63.848	-22.567	5.2 km	1.1	99.0	6.2 km W of Grindavík
06.11.2023	14:07:46	63.868	-22.447	0.1 km	0.2	99.0	3.2 km N of Grindavík
06.11.2023	13:41:40	63.902	-22.380	5.5 km	0.8	90.05	5.2 km W of Fagradalsfjall
06.11.2023	13:20:54	63.824	-22.621	4.7 km	0.6	90.01	4.9 km ENE of Reykjanestá
06.11.2023	13:16:28	63.901	-22.375	5.0 km	0.1	90.03	4.9 km W of Fagradalsfjall
06.11.2023	12:44:22	63.838	-22.614	5.7 km	1.0	90.04	6.1 km NE of Reykjanestá
06.11.2023	11:58:58	63.901	-22.376	5.3 km	1.0	99.0	5.0 km W of Fagradalsfjall
06.11.2023	11:56:16	63.891	-22.380	5.9 km	0.4	99.0	5.3 km WSW of Fagradalsfjall
06.11.2023	11:53:30	63.870	-22.418	2.1 km	0.3	99.0	3.7 km NNE of Grindavík
06.11.2023	11:51:56	63.867	-22.400	3.1 km	0.6	99.0	3.8 km NE of Grindavík
06.11.2023	11:51:05	63.898	-22.389	3.9 km	0.3	99.0	5.6 km W of Fagradalsfjall
06.11.2023	11:47:18	63.871	-22.422	1.4 km	0.3	99.0	3.7 km NNE of Grindavík
06.11.2023	11:44:59	63.897	-22.385	3.2 km	0.0	99.0	5.4 km W of Fagradalsfjall
06.11.2023	11:36:51	63.851	-22.642	3.6 km	1.0	90.02	6.4 km NNE of Reykjanestá
06.11.2023	11:25:02	63.901	-22.382	5.4 km	1.3	90.07	5.3 km W of Fagradalsfjall
06.11.2023	10:58:57	63.594	-23.044	24.5 km	0.6	37.54	14.0 km SE of Geirfuglasker
06.11.2023	10:26:18	63.806	-22.596	4.0 km	1.5	90.01	5.4 km E of Reykjanestá
06.11.2023	10:23:24	63.868	-21.380	1.1 km	1.0	90.12	1.2 km N of Þorlákshöfn
06.11.2023	10:09:08	63.866	-22.401	4.6 km	0.6	99.0	3.7 km NE of Grindavík
06.11.2023	10:03:06	63.865	-22.436	0.1 km	0.0	99.0	3.0 km N of Grindavík
06.11.2023	10:01:00	63.845	-22.554	6.7 km	0.4	99.0	5.5 km W of Grindavík
06.11.2023	10:00:30	63.868	-22.452	2.5 km	0.9	99.0	3.3 km N of Grindavík
06.11.2023	10:00:12	63.874	-22.404	0.1 km	0.1	99.0	4.4 km NNE of Grindavík
06.11.2023	09:55:36	63.820	-22.655	2.8 km	0.4	99.0	3.3 km NE of Reykjanestá
06.11.2023	09:47:59	63.866	-22.457	0.8 km	2.0	99.0	3.1 km NNW of Grindavík
06.11.2023	09:46:52	63.860	-22.437	1.7 km	0.3	99.0	2.4 km N of Grindavík
06.11.2023	09:45:36	63.875	-22.462	1.0 km	0.1	99.0	4.1 km NNW of Grindavík
06.11.2023	09:43:51	63.860	-22.420	3.5 km	0.6	99.0	2.6 km NNE of Grindavík
06.11.2023	09:40:37	63.859	-22.420	3.9 km	0.7	99.0	2.5 km NNE of Grindavík
06.11.2023	09:38:32	63.822	-22.509	8.6 km	0.7	90.01	3.7 km WSW of Grindavík
06.11.2023	09:31:41	63.867	-22.401	5.1 km	0.8	99.0	3.8 km NNE of Grindavík
06.11.2023	09:30:45	63.864	-22.436	0.1 km	0.4	99.0	2.8 km N of Grindavík
06.11.2023	09:30:03	63.866	-22.412	3.8 km	0.5	99.0	3.4 km NNE of Grindavík
06.11.2023	09:28:08	63.859	-22.431	1.0 km	0.1	99.0	2.4 km NNE of Grindavík
06.11.2023	09:26:04	63.887	-22.393	2.3 km	0.0	99.0	5.9 km NNE of Grindavík
06.11.2023	09:25:15	63.896	-22.373	4.8 km	0.7	99.0	4.9 km W of Fagradalsfjall
06.11.2023	09:24:21	63.852	-22.563	7.5 km	0.1	99.0	6.1 km WNW of Grindavík
06.11.2023	09:20:56	63.894	-22.389	3.7 km	0.4	99.0	5.7 km W of Fagradalsfjall
06.11.2023	09:20:31	63.885	-22.389	2.6 km	0.1	99.0	5.8 km NNE of Grindavík
06.11.2023	09:19:54	63.639	-19.116	0.1 km	1.3	99.0	6.6 km N of Hábunga
06.11.2023	09:18:26	63.867	-22.457	1.0 km	2.3	99.0	3.2 km NNW of Grindavík
06.11.2023	09:15:56	63.892	-22.397	4.2 km	0.3	99.0	6.1 km W of Fagradalsfjall
06.11.2023	09:12:46	63.868	-22.523	3.0 km	0.5	99.0	5.1 km NW of Grindavík
06.11.2023	09:11:11	63.841	-22.537	4.9 km	0.6	99.0	4.6 km W of Grindavík
06.11.2023	09:09:31	63.859	-22.451	1.2 km	0.0	99.0	2.2 km N of Grindavík
06.11.2023	09:06:59	63.878	-22.373	7.0 km	0.6	99.0	5.5 km WSW of Fagradalsfjall
06.11.2023	08:59:07	63.898	-22.378	6.3 km	0.5	90.03	5.1 km W of Fagradalsfjall
06.11.2023	08:49:51	63.867	-22.460	1.3 km	0.8	99.0	3.2 km NNW of Grindavík
06.11.2023	08:26:01	63.892	-22.397	4.8 km	0.4	99.0	6.1 km W of Fagradalsfjall
06.11.2023	08:25:39	63.859	-22.611	5.6 km	0.3	44.25	8.0 km NE of Reykjanestá
06.11.2023	08:11:23	63.888	-22.395	5.3 km	0.2	90.02	5.9 km NNE of Grindavík
06.11.2023	08:10:26	63.886	-22.395	1.7 km	0.1	99.0	5.8 km NNE of Grindavík
06.11.2023	08:08:48	63.835	-22.600	4.2 km	2.7	99.0	6.5 km NE of Reykjanestá
06.11.2023	08:08:28	63.823	-22.626	2.3 km	0.1	63.27	4.6 km ENE of Reykjanestá
06.11.2023	07:56:04	63.894	-22.388	5.1 km	0.8	90.05	5.7 km W of Fagradalsfjall
06.11.2023	07:49:52	63.376	-22.697	6.9 km	0.5	80.25	41.9 km SSE of Eldeyjardrangur
06.11.2023	07:41:43	63.894	-22.372	5.2 km	1.2	99.0	4.9 km W of Fagradalsfjall
06.11.2023	07:40:50	63.893	-22.365	5.3 km	0.6	99.0	4.6 km WSW of Fagradalsfjall
06.11.2023	07:39:00	63.884	-22.391	0.3 km	0.2	99.0	5.6 km NNE of Grindavík
06.11.2023	07:36:42	63.865	-22.484	10.2 km	0.7	99.0	3.6 km NW of Grindavík
06.11.2023	07:34:47	63.881	-22.406	3.4 km	0.8	99.0	5.0 km NNE of Grindavík
06.11.2023	07:34:32	63.898	-22.368	4.9 km	1.9	99.0	4.6 km W of Fagradalsfjall
06.11.2023	07:34:14	63.849	-22.558	5.3 km	0.0	99.0	5.8 km W of Grindavík
06.11.2023	07:33:15	63.884	-22.395	4.5 km	0.5	99.0	5.6 km NNE of Grindavík
06.11.2023	07:31:30	63.893	-22.375	3.9 km	0.7	99.0	5.1 km WSW of Fagradalsfjall
06.11.2023	07:27:50	63.890	-22.390	5.8 km	1.9	99.0	5.8 km WSW of Fagradalsfjall
06.11.2023	07:27:28	63.894	-22.379	4.8 km	1.3	90.06	5.2 km W of Fagradalsfjall
06.11.2023	07:23:54	63.887	-22.392	5.3 km	0.9	99.0	5.9 km NNE of Grindavík
06.11.2023	07:22:03	63.888	-22.384	3.0 km	0.2	99.0	5.6 km WSW of Fagradalsfjall
06.11.2023	07:21:27	63.888	-22.390	3.5 km	0.4	99.0	5.9 km WSW of Fagradalsfjall
06.11.2023	07:16:24	63.885	-22.387	5.2 km	1.1	99.0	5.8 km NNE of Grindavík
06.11.2023	07:15:07	63.869	-22.401	4.7 km	0.9	99.0	3.9 km NNE of Grindavík
06.11.2023	07:13:42	63.871	-22.382	5.2 km	0.8	99.0	4.7 km NE of Grindavík
06.11.2023	07:13:28	63.882	-22.404	3.8 km	0.8	99.0	5.2 km NNE of Grindavík
06.11.2023	07:12:48	63.894	-22.390	4.2 km	0.6	99.0	5.7 km W of Fagradalsfjall
06.11.2023	07:12:22	63.882	-22.389	5.5 km	0.9	99.0	5.5 km NNE of Grindavík
06.11.2023	07:11:50	63.887	-22.404	4.2 km	0.5	99.0	5.7 km NNE of Grindavík
06.11.2023	07:10:58	63.865	-22.445	0.1 km	0.2	99.0	2.9 km N of Grindavík
06.11.2023	07:10:12	63.872	-22.407	5.4 km	1.7	99.0	4.1 km NNE of Grindavík
06.11.2023	07:09:12	63.890	-22.382	4.5 km	1.9	99.0	5.5 km WSW of Fagradalsfjall
06.11.2023	07:08:46	63.885	-22.398	5.0 km	1.3	99.0	5.6 km NNE of Grindavík
06.11.2023	07:08:36	63.886	-22.381	3.9 km	0.8	99.0	5.6 km WSW of Fagradalsfjall
06.11.2023	07:08:18	63.884	-22.396	4.5 km	0.8	99.0	5.5 km NNE of Grindavík
06.11.2023	07:07:49	63.348	-24.270	2.1 km	1.1	88.43	28.0 km SW of Eldeyjarboði
06.11.2023	07:07:06	63.888	-22.361	7.8 km	0.6	99.0	4.5 km WSW of Fagradalsfjall
06.11.2023	07:06:38	63.874	-22.392	2.8 km	0.6	99.0	4.6 km NNE of Grindavík
06.11.2023	07:06:18	63.893	-22.395	4.7 km	1.5	99.0	6.0 km W of Fagradalsfjall
06.11.2023	07:05:40	63.886	-22.389	5.4 km	2.3	99.0	5.9 km NNE of Grindavík
06.11.2023	07:05:24	63.888	-22.395	2.9 km	1.3	99.0	5.9 km NNE of Grindavík
06.11.2023	07:05:08	63.886	-22.387	5.5 km	1.4	99.0	5.8 km WSW of Fagradalsfjall
06.11.2023	07:04:55	63.889	-22.386	5.0 km	0.8	99.0	5.7 km WSW of Fagradalsfjall
06.11.2023	07:03:04	63.888	-22.392	5.8 km	3.6	99.0	6.0 km WSW of Fagradalsfjall
06.11.2023	07:00:40	63.902	-22.486	1.1 km	0.3	90.01	7.3 km NNW of Grindavík
06.11.2023	06:58:25	63.875	-22.414	4.9 km	1.4	90.02	4.3 km NNE of Grindavík
06.11.2023	06:58:06	63.879	-22.400	4.7 km	1.6	90.1	4.9 km NNE of Grindavík
06.11.2023	06:25:38	63.874	-22.406	5.5 km	1.9	90.12	4.3 km NNE of Grindavík
06.11.2023	06:04:28	63.860	-22.699	0.0 km	0.2	30.97	6.7 km N of Reykjanestá
06.11.2023	05:24:55	63.868	-22.625	3.2 km	0.2	36.47	8.5 km NNE of Reykjanestá
06.11.2023	05:20:50	64.728	-16.708	5.3 km	1.0	31.75	11.0 km NNW of Kverkfjöll
06.11.2023	04:53:09	63.811	-22.667	4.5 km	0.3	42.66	2.2 km ENE of Reykjanestá
06.11.2023	04:50:30	63.882	-22.382	5.7 km	0.3	90.03	5.6 km NNE of Grindavík
06.11.2023	04:46:14	64.047	-21.224	4.6 km	0.8	90.02	3.6 km SSW of Hrómundartindi
06.11.2023	04:35:01	63.551	-23.180	52.9 km	0.6	69.05	15.1 km SSE of Geirfugladrangur
06.11.2023	04:18:20	63.884	-22.430	1.7 km	0.1	68.21	5.1 km N of Grindavík
06.11.2023	04:06:45	63.867	-22.544	4.2 km	0.5	90.02	5.9 km WNW of Grindavík
06.11.2023	03:50:42	63.856	-22.596	5.7 km	0.2	90.01	7.7 km WNW of Grindavík
06.11.2023	03:43:37	63.883	-22.370	5.2 km	1.3	90.06	5.2 km WSW of Fagradalsfjall
06.11.2023	03:42:56	63.883	-22.367	5.8 km	1.7	90.04	5.0 km WSW of Fagradalsfjall
06.11.2023	03:42:44	63.886	-22.364	5.5 km	2.2	99.0	4.8 km WSW of Fagradalsfjall
06.11.2023	03:30:52	63.812	-22.751	0.9 km	0.6	81.46	2.6 km WNW of Reykjanestá
06.11.2023	03:05:04	63.898	-22.360	5.2 km	0.1	90.03	4.2 km W of Fagradalsfjall
06.11.2023	02:48:36	63.355	-23.950	11.1 km	2.3	99.0	16.7 km SSW of Eldeyjarboði
06.11.2023	02:39:09	63.751	-19.470	6.0 km	1.3	79.88	8.2 km N of Básar
06.11.2023	02:06:10	63.874	-22.407	5.1 km	0.7	90.02	4.3 km NNE of Grindavík
06.11.2023	01:50:28	63.884	-22.393	4.6 km	0.8	90.05	5.6 km NNE of Grindavík
06.11.2023	01:41:29	63.874	-22.410	2.7 km	0.7	99.0	4.2 km NNE of Grindavík
06.11.2023	01:40:05	63.838	-22.584	6.4 km	0.5	99.0	6.9 km W of Grindavík
06.11.2023	01:38:59	63.903	-22.372	5.1 km	1.4	99.0	4.8 km W of Fagradalsfjall
06.11.2023	01:36:20	63.899	-22.389	5.3 km	0.6	99.0	5.6 km W of Fagradalsfjall
06.11.2023	01:34:59	63.967	-20.155	8.1 km	0.9	99.0	9.5 km SSE of Árnes
06.11.2023	01:34:15	63.887	-22.399	1.4 km	0.1	99.0	5.8 km NNE of Grindavík
06.11.2023	01:32:12	63.863	-22.615	4.6 km	0.3	99.0	8.2 km NNE of Reykjanestá
06.11.2023	01:30:51	63.879	-22.406	0.1 km	0.1	99.0	4.8 km NNE of Grindavík
06.11.2023	01:26:19	63.873	-22.398	1.3 km	0.2	99.0	4.4 km NNE of Grindavík
06.11.2023	01:26:00	63.879	-22.410	1.3 km	0.0	99.0	4.7 km NNE of Grindavík
06.11.2023	01:24:15	63.899	-22.380	10.8 km	0.9	99.0	5.2 km W of Fagradalsfjall
06.11.2023	01:23:58	63.867	-22.402	7.2 km	0.5	99.0	3.7 km NNE of Grindavík
06.11.2023	01:23:25	63.876	-22.410	1.2 km	0.0	99.0	4.5 km NNE of Grindavík
06.11.2023	01:22:44	63.880	-22.413	3.8 km	0.6	99.0	4.9 km NNE of Grindavík
06.11.2023	01:21:05	63.879	-22.411	4.1 km	1.0	99.0	4.7 km NNE of Grindavík
06.11.2023	01:17:56	63.876	-22.402	3.1 km	0.4	99.0	4.6 km NNE of Grindavík
06.11.2023	01:17:24	63.879	-22.409	1.5 km	0.0	99.0	4.7 km NNE of Grindavík
06.11.2023	01:16:46	63.880	-22.408	3.2 km	0.3	99.0	4.9 km NNE of Grindavík
06.11.2023	01:15:23	63.878	-22.406	3.7 km	0.5	99.0	4.7 km NNE of Grindavík
06.11.2023	01:14:43	63.886	-22.395	4.0 km	0.5	99.0	5.7 km NNE of Grindavík
06.11.2023	01:14:12	63.874	-22.415	3.7 km	0.9	99.0	4.1 km NNE of Grindavík
06.11.2023	01:11:33	63.884	-22.391	5.0 km	1.7	99.0	5.6 km NNE of Grindavík
06.11.2023	01:10:48	63.890	-22.397	7.3 km	0.4	99.0	6.1 km NNE of Grindavík
06.11.2023	01:09:42	63.874	-22.408	3.7 km	0.9	99.0	4.3 km NNE of Grindavík
06.11.2023	01:08:37	63.880	-22.398	3.5 km	0.3	99.0	5.0 km NNE of Grindavík
06.11.2023	01:05:16	63.898	-22.392	6.2 km	0.7	99.0	5.8 km W of Fagradalsfjall
06.11.2023	01:04:45	63.877	-22.409	0.1 km	0.2	99.0	4.6 km NNE of Grindavík
06.11.2023	01:03:16	63.900	-22.376	5.4 km	1.2	99.0	5.0 km W of Fagradalsfjall
06.11.2023	01:02:53	63.857	-22.556	4.7 km	1.2	99.0	5.9 km WNW of Grindavík
06.11.2023	01:02:06	63.872	-22.424	4.7 km	0.6	99.0	3.8 km NNE of Grindavík
06.11.2023	01:00:50	63.823	-22.773	4.1 km	0.4	99.0	4.1 km NW of Reykjanestá
06.11.2023	01:00:43	63.886	-22.392	2.9 km	0.1	99.0	5.8 km NNE of Grindavík
06.11.2023	00:56:38	63.870	-22.408	4.4 km	0.7	99.0	3.8 km NNE of Grindavík
06.11.2023	00:40:00	63.432	-24.033	5.5 km	1.5	90.01	13.0 km WSW of Eldeyjarboði
06.11.2023	00:30:09	64.459	-17.309	1.1 km	0.8	90.01	6.3 km NNW of Grímsfjall
06.11.2023	00:29:30	63.875	-22.410	4.9 km	0.9	90.05	4.3 km NNE of Grindavík
06.11.2023	00:21:39	63.880	-22.416	4.5 km	1.0	90.02	4.8 km NNE of Grindavík
06.11.2023	00:21:26	63.876	-22.422	4.4 km	0.5	90.02	4.3 km NNE of Grindavík
06.11.2023	00:21:03	63.894	-22.403	5.2 km	2.0	90.07	6.4 km W of Fagradalsfjall
06.11.2023	00:18:22	63.878	-22.411	5.3 km	1.0	90.05	4.6 km NNE of Grindavík
06.11.2023	00:10:13	63.876	-22.412	3.8 km	0.8	90.03	4.4 km NNE of Grindavík
06.11.2023	00:09:51	63.879	-22.407	4.3 km	1.0	90.06	4.8 km NNE of Grindavík
06.11.2023	00:08:06	63.882	-22.398	5.3 km	1.2	90.07	5.3 km NNE of Grindavík
06.11.2023	00:04:23	63.881	-22.415	5.2 km	1.2	90.04	4.9 km NNE of Grindavík
06.11.2023	00:03:51	63.878	-22.413	5.1 km	2.1	99.0	4.6 km NNE of Grindavík
06.11.2023	00:03:18	63.891	-22.382	5.1 km	0.6	90.01	5.4 km WSW of Fagradalsfjall
06.11.2023	00:02:52	63.856	-22.228	7.5 km	0.4	90.01	5.6 km SSE of Fagradalsfjall
06.11.2023	00:02:51	63.875	-22.413	4.5 km	0.6	90.02	4.3 km NNE of Grindavík
06.11.2023	00:02:15	63.877	-22.406	4.6 km	1.9	99.0	4.6 km NNE of Grindavík
06.11.2023	00:00:52	63.896	-22.407	8.2 km	0.5	90.01	6.5 km W of Fagradalsfjall
06.11.2023	00:00:42	63.876	-22.407	4.2 km	0.2	90.01	4.5 km NNE of Grindavík
07.11.2023	06:15:21	63.859	-22.424	5.4 km	0.2	90.02	2.4 km NNE of Grindavík
07.11.2023	06:03:24	63.808	-22.759	4.6 km	1.9	90.08	2.8 km WNW of Reykjanestá
07.11.2023	06:02:09	63.847	-22.578	6.0 km	0.5	52.09	6.7 km W of Grindavík
07.11.2023	05:12:28	63.834	-22.621	4.1 km	0.8	90.01	5.6 km NE of Reykjanestá
07.11.2023	05:11:25	63.834	-22.631	1.6 km	0.1	43.81	5.2 km NE of Reykjanestá
07.11.2023	04:25:48	63.857	-22.540	4.6 km	0.5	90.02	5.2 km WNW of Grindavík
07.11.2023	03:56:37	64.421	-17.233	6.8 km	1.2	90.01	2.7 km NE of Grímsfjall
07.11.2023	03:37:51	63.601	-19.135	1.1 km	1.1	90.05	2.9 km NW of Hábunga
07.11.2023	02:40:09	63.822	-22.773	7.9 km	1.9	58.69	4.1 km NW of Reykjanestá
07.11.2023	02:39:08	63.863	-22.528	3.9 km	0.2	53.18	5.0 km WNW of Grindavík
07.11.2023	02:37:59	63.814	-22.765	6.6 km	1.5	90.03	3.3 km WNW of Reykjanestá
07.11.2023	02:29:16	63.833	-22.673	6.5 km	0.1	31.21	4.0 km NNE of Reykjanestá
07.11.2023	02:14:00	63.890	-22.375	6.0 km	0.7	90.05	5.1 km WSW of Fagradalsfjall
07.11.2023	02:02:42	63.827	-22.562	2.4 km	2.3	99.0	6.0 km WSW of Grindavík
07.11.2023	02:02:20	63.880	-22.391	4.5 km	1.4	99.0	5.3 km NNE of Grindavík
07.11.2023	01:45:05	63.858	-22.441	2.9 km	1.1	99.0	2.2 km N of Grindavík
07.11.2023	01:43:57	63.863	-22.426	3.6 km	1.1	99.0	2.8 km NNE of Grindavík
07.11.2023	01:43:12	63.891	-22.384	3.9 km	0.8	99.0	5.5 km WSW of Fagradalsfjall
07.11.2023	01:41:35	63.841	-22.655	5.4 km	0.2	72.43	5.2 km NNE of Reykjanestá
07.11.2023	01:40:04	63.868	-22.434	0.1 km	1.2	99.0	3.3 km N of Grindavík
07.11.2023	01:38:00	63.813	-22.760	6.0 km	1.2	45.89	3.0 km WNW of Reykjanestá
07.11.2023	01:34:33	63.893	-22.373	5.5 km	2.3	99.0	5.0 km WSW of Fagradalsfjall
07.11.2023	01:33:50	63.890	-22.377	5.6 km	1.5	99.0	5.2 km WSW of Fagradalsfjall
07.11.2023	01:32:47	63.866	-22.644	1.9 km	0.1	34.36	7.9 km NNE of Reykjanestá
07.11.2023	01:30:19	63.862	-22.431	2.1 km	2.8	99.0	2.6 km NNE of Grindavík
07.11.2023	01:26:17	63.265	-21.460	11.9 km	2.9	90.15	43.3 km W of Surtsey
07.11.2023	01:23:07	64.435	-17.333	4.2 km	1.4	99.0	4.4 km NW of Grímsfjall
07.11.2023	01:21:27	63.900	-22.382	4.9 km	0.9	99.0	5.3 km W of Fagradalsfjall
07.11.2023	01:20:19	63.891	-22.380	4.7 km	0.9	99.0	5.3 km WSW of Fagradalsfjall
07.11.2023	01:20:01	63.880	-22.391	5.0 km	1.0	99.0	5.2 km NNE of Grindavík
07.11.2023	01:11:49	63.860	-22.430	4.8 km	1.2	99.0	2.5 km NNE of Grindavík
07.11.2023	01:00:28	63.890	-22.376	5.5 km	2.0	99.0	5.2 km WSW of Fagradalsfjall
07.11.2023	00:58:03	63.875	-22.392	4.7 km	0.9	99.0	4.8 km NNE of Grindavík
07.11.2023	00:54:37	63.882	-22.387	5.5 km	1.1	99.0	5.5 km NNE of Grindavík
07.11.2023	00:46:42	63.636	-22.645	7.9 km	0.4	88.94	18.5 km S of Reykjanestá
07.11.2023	00:45:18	63.864	-22.428	1.1 km	0.9	99.0	2.9 km NNE of Grindavík
07.11.2023	00:41:32	63.865	-22.434	1.1 km	1.4	90.05	2.9 km N of Grindavík
07.11.2023	00:38:59	63.867	-22.426	0.8 km	0.9	99.0	3.2 km NNE of Grindavík
07.11.2023	00:37:37	64.516	-17.715	2.5 km	0.1	45.96	5.6 km NE of Hamarinn
07.11.2023	00:35:34	63.864	-22.428	3.1 km	1.9	99.0	2.9 km NNE of Grindavík
07.11.2023	00:32:42	63.862	-22.414	4.8 km	1.0	99.0	3.0 km NNE of Grindavík
07.11.2023	00:17:23	63.869	-22.424	1.1 km	0.4	99.0	3.5 km NNE of Grindavík
07.11.2023	00:08:51	63.878	-22.436	3.3 km	0.7	99.0	4.4 km N of Grindavík
07.11.2023	00:01:56	63.853	-22.446	4.6 km	1.9	99.0	1.6 km N of Grindavík
07.11.2023	00:00:25	63.879	-22.383	6.0 km	2.5	99.0	5.3 km NNE of Grindavík
